Player,"Position
",Age,Matches Played,Starts,Minutes Played,No of 90 minutes played,Goals,Assists,Non-Penalty Goals,"
Penalty Goals",Penalty Kicks Attempted,Yellow Card,Red Card,Goals per 90 minutes,"Assists
per 90 minutes",G+A per 90 minutes,"   Non-Penalty Goals per 90 minutes
",Non-Penalty G+A per 90 minutes,Team
Alessio Cragno,GK,26,0,0,,,,,,,,,,,,,,,Italy
Pierluigi Gollini,GK,25,1,0,3,0,0,0,0,0,0,0,0,0,0,0,0,0,Italy
Alex Meret,GK,23,1,0,14,0.2,0,0,0,0,0,0,0,0,0,0,0,0,Italy
Salvatore Sirigu,GK,34,4,4,346,3.8,0,0,0,0,0,0,0,0,0,0,0,0,Italy
Gianluigi Donnarumma,GK,21,4,4,357,4,0,0,0,0,0,1,0,0,0,0,0,0,Italy
Luca Pellegrini,DF,21,0,0,,,,,,,,,,,,,,,Italy
Mattia De Sciglio,DF,28,2,0,48,0.5,0,0,0,0,0,0,0,0,0,0,0,0,Italy
Leonardo Spinazzola,DF,27,1,1,90,1,0,0,0,0,0,0,0,0,0,0,0,0,Italy
Danilo D'Ambrosio,DF,32,1,1,90,1,0,0,0,0,0,0,0,0,0,0,0,0,Italy
Armando Izzo,DF,28,2,1,112,1.2,0,0,0,0,0,0,0,0,0,0,0,0,Italy
Gianluca Mancini,DF,24,2,2,155,1.7,0,0,0,0,0,0,0,0,0,0,0,0,Italy
Cristiano Biraghi,DF,28,2,2,177,2,0,1,0,0,0,0,0,0,0.51,0.51,0,0.51,Italy
Giovanni Di Lorenzo,DF,27,2,2,180,2,0,1,0,0,0,0,0,0,0.5,0.5,0,0.5,Italy
Giorgio Chiellini,DF,36,2,2,180,2,0,0,0,0,0,0,0,0,0,0,0,0,Italy
Alessio Romagnoli,DF,26,3,3,270,3,2,0,2,0,0,0,0,0.67,0,0.67,0.67,0.67,Italy
Francesco Acerbi,DF,32,3,3,270,3,1,0,1,0,0,0,0,0.33,0,0.33,0.33,0.33,Italy
Alessandro Florenzi,DF,29,4,3,353,3.9,0,0,0,0,0,0,0,0,0,0,0,0,Italy
Emerson Palmieri,DF,26,5,5,344,3.8,0,2,0,0,0,0,0,0,0.52,0.52,0,0.52,Italy
Leonardo Bonucci,DF,33,8,7,611,6.8,1,3,1,0,0,1,0,0.15,0.44,0.59,0.15,0.59,Italy
Rolando Mandragora,MF,23,0,0,,,,,,,,,,,,,,,Italy
Gaetano Castrovilli,MF,23,1,0,5,0.1,0,0,0,0,0,0,0,0,0,0,0,0,Italy
Bryan Cristante,MF,25,1,1,90,1,0,1,0,0,0,0,0,0,1,1,0,1,Italy
Stefano Sensi,MF,25,2,1,112,1.2,0,0,0,0,0,0,0,0,0,0,0,0,Italy
Sandro Tonali,MF,20,3,2,197,2.2,0,0,0,0,0,1,0,0,0,0,0,0,Italy
Marco Verratti,MF,28,5,5,440,4.9,1,0,1,0,0,2,0,0.2,0,0.2,0.2,0.2,Italy
Nicolò Barella,MF,23,7,7,559,6.2,2,2,2,0,0,1,0,0.32,0.32,0.64,0.32,0.64,Italy
Jorginho,MF,29,7,7,630,7,3,1,0,3,3,2,0,0.43,0.14,0.57,0,0.14,Italy
Nicolò Zaniolo,"MF,FW",21,3,2,156,1.7,2,1,2,0,0,0,0,1.15,0.58,1.73,1.15,1.73,Italy
Stephan El Shaarawy,"FW,MF",28,2,0,44,0.5,1,1,1,0,0,0,0,2.05,2.05,4.09,2.05,4.09,Italy
Riccardo Orsolini,"FW,MF",24,1,0,45,0.5,1,1,1,0,0,0,0,2,2,4,2,4,Italy
Leonardo Pavoletti,FW,32,0,0,,,,,,,,,,,,,,,Italy
Moise Kean,FW,20,0,0,,,,,,,,,,,,,,,Italy
Kevin Lasagna,FW,28,1,0,8,0.1,0,0,0,0,0,0,0,0,0,0,0,0,Italy
Fabio Quagliarella,FW,38,1,1,45,0.5,0,0,0,0,0,0,0,0,0,0,0,0,Italy
Vincenzo Grifo,FW,27,1,1,90,1,0,1,0,0,0,0,0,0,1,1,0,1,Italy
Lorenzo Pellegrini,FW,24,3,1,130,1.4,1,0,1,0,0,0,0,0.69,0,0.69,0.69,0.69,Italy
Ciro Immobile,FW,30,3,3,243,2.7,3,1,3,0,0,0,0,1.11,0.37,1.48,1.11,1.48,Italy
Lorenzo Insigne,FW,29,4,4,355,3.9,3,1,3,0,0,0,0,0.76,0.25,1.01,0.76,1.01,Italy
Federico Bernardeschi,FW,26,7,4,386,4.3,2,1,2,0,0,1,0,0.47,0.23,0.7,0.47,0.7,Italy
Andrea Belotti,FW,27,7,4,391,4.3,5,2,5,0,0,0,0,1.15,0.46,1.61,1.15,1.61,Italy
Federico Chiesa,FW,23,6,5,394,4.4,1,3,1,0,0,0,0,0.23,0.69,0.91,0.23,0.91,Italy
Sinan Bolat,GK,32,0,0,,,,,,,,,,,,,,,Turkey
Altay Bayındır,GK,22,0,0,,,,,,,,,,,,,,,Turkey
Uğurcan Çakır,GK,24,1,1,90,1,0,0,0,0,0,0,0,0,0,0,0,0,Turkey
Mert Günok,GK,31,7,7,630,7,0,0,0,0,0,0,0,0,0,0,0,0,Turkey
Mert Müldür,DF,21,0,0,,,,,,,,,,,,,,,Turkey
Yıldırım Mert Çetin,DF,24,1,0,11,0.1,0,0,0,0,0,0,0,0,0,0,0,0,Turkey
Ozan Kabak,DF,20,1,1,90,1,0,0,0,0,0,0,0,0,0,0,0,0,Turkey
Hasan Ali Kaldırım,DF,31,2,2,180,2,0,0,0,0,0,0,0,0,0,0,0,0,Turkey
Çağlar Söyüncü,DF,24,4,3,315,3.5,0,0,0,0,0,1,0,0,0,0,0,0,Turkey
Umut Meraş,DF,25,5,5,420,4.7,0,0,0,0,0,0,0,0,0,0,0,0,Turkey
Kaan Ayhan,DF,26,7,5,447,5,2,0,2,0,0,3,0,0.4,0,0.4,0.4,0.4,Turkey
Zeki Çelik,DF,23,7,7,591,6.6,0,0,0,0,0,2,0,0,0,0,0,0,Turkey
Merih Demiral,DF,22,8,8,709,7.9,0,1,0,0,0,2,0,0,0.13,0.13,0,0.13,Turkey
Oğuzhan Özyakup,MF,28,0,0,,,,,,,,,,,,,,,Turkey
Efecan Karaca,MF,31,0,0,,,,,,,,,,,,,,,Turkey
Abdülkadir Parmak,MF,26,1,0,4,0,0,0,0,0,0,0,0,0,0,0,0,0,Turkey
Abdülkadir Ömür,MF,21,2,0,29,0.3,0,0,0,0,0,0,0,0,0,0,0,0,Turkey
Berkay Özcan,MF,22,1,0,31,0.3,0,0,0,0,0,0,0,0,0,0,0,0,Turkey
Güven Yalçın,MF,22,2,1,51,0.6,0,0,0,0,0,0,0,0,0,0,0,0,Turkey
Deniz Turuc,MF,28,1,1,90,1,1,0,1,0,0,0,0,1,0,1,1,1,Turkey
Nazim Sangaré,MF,26,1,1,90,1,0,0,0,0,0,0,0,0,0,0,0,0,Turkey
Ömer Bayram,MF,29,2,1,91,1,0,0,0,0,0,0,0,0,0,0,0,0,Turkey
Okay Yokuşlu,MF,26,2,2,135,1.5,0,0,0,0,0,1,0,0,0,0,0,0,Turkey
Emre Belözoğlu,MF,40,2,2,155,1.7,0,0,0,0,0,1,0,0,0,0,0,0,Turkey
Yusuf Yazıcı,MF,24,7,2,263,2.9,1,1,1,0,0,1,0,0.34,0.34,0.68,0.34,0.68,Turkey
Dorukhan Toköz,MF,24,3,3,259,2.9,1,2,1,0,0,1,0,0.35,0.69,1.04,0.35,1.04,Turkey
Kenan Karaman,MF,26,5,4,339,3.8,0,0,0,0,0,1,0,0,0,0,0,0,Turkey
Mahmut Tekdemir,MF,33,4,4,360,4,0,0,0,0,0,1,0,0,0,0,0,0,Turkey
İrfan Kahveci,MF,25,6,5,425,4.7,0,1,0,0,0,1,0,0,0.21,0.21,0,0.21,Turkey
Ozan Tufan,MF,25,8,6,560,6.2,1,0,1,0,0,2,0,0.16,0,0.16,0.16,0.16,Turkey
Cengiz Ünder,"MF,FW",23,2,2,164,1.8,1,0,1,0,0,0,0,0.55,0,0.55,0.55,0.55,Turkey
Hakan Çalhanoğlu,"MF,FW",26,7,5,470,5.2,0,2,0,0,0,0,0,0,0.38,0.38,0,0.38,Turkey
Yunus Mallı,"FW,MF",28,0,0,,,,,,,,,,,,,,,Turkey
Emre Kılınç,"FW,MF",26,2,0,17,0.2,0,0,0,0,0,0,0,0,0,0,0,0,Turkey
Ahmed Kutucu,FW,20,1,1,84,0.9,0,0,0,0,0,0,0,0,0,0,0,0,Turkey
Enes Ünal,FW,23,1,1,90,1,2,0,1,1,1,0,0,2,0,2,1,1,Turkey
Cenk Tosun,FW,29,4,3,280,3.1,3,0,3,0,0,1,0,0.96,0,0.96,0.96,0.96,Turkey
Burak Yılmaz,FW,35,5,5,450,5,0,0,0,0,0,1,0,0,0,0,0,0,Turkey
Jonas Omlin,GK,27,0,0,,,,,,,,,,,,,,,Switzerland
Yvon Mvogo,GK,26,0,0,,,,,,,,,,,,,,,Switzerland
Yann Sommer,GK,32,7,7,630,7,0,0,0,0,0,0,0,0,0,0,0,0,Switzerland
François Moubandje,DF,30,0,0,,,,,,,,,,,,,,,Switzerland
Timm Klose,DF,32,0,0,,,,,,,,,,,,,,,Switzerland
Eray Cömert,DF,22,1,0,26,0.3,0,0,0,0,0,0,0,0,0,0,0,0,Switzerland
Renato Steffen,DF,29,4,1,126,1.4,0,0,0,0,0,1,0,0,0,0,0,0,Switzerland
Fabian Schär,DF,29,5,5,450,5,1,1,1,0,0,1,0,0.2,0.2,0.4,0.2,0.4,Switzerland
Manuel Akanji,DF,25,6,6,514,5.7,0,0,0,0,0,1,0,0,0,0,0,0,Switzerland
Nico Elvedi,DF,24,6,6,540,6,0,0,0,0,0,1,0,0,0,0,0,0,Switzerland
Silvan Widmer,"DF,MF",27,0,0,,,,,,,,,,,,,,,Switzerland
Loris Benito,"MF,DF",29,2,2,154,1.7,1,2,1,0,0,0,0,0.58,1.17,1.75,0.58,1.75,Switzerland
Stephan Lichtsteiner,"MF,DF",37,4,4,316,3.5,0,0,0,0,0,1,0,0,0,0,0,0,Switzerland
Ricardo Rodríguez,"MF,DF",28,7,7,627,7,1,0,1,0,1,2,0,0.14,0,0.14,0.14,0.14,Switzerland
Michel Aebischer,MF,24,1,0,6,0.1,0,0,0,0,0,0,0,0,0,0,0,0,Switzerland
Djibril Sow,MF,23,3,0,39,0.4,0,0,0,0,0,0,0,0,0,0,0,0,Switzerland
Steven Zuber,MF,29,1,1,90,1,1,0,1,0,0,0,0,1,0,1,1,1,Switzerland
Michael Lang,MF,29,1,1,90,1,0,1,0,0,0,0,0,0,1,1,0,1,Switzerland
Kevin Mbabu,MF,25,2,1,112,1.2,0,0,0,0,0,1,0,0,0,0,0,0,Switzerland
Remo Freuler,MF,28,4,2,207,2.3,0,0,0,0,0,0,0,0,0,0,0,0,Switzerland
Edimilson Fernandes,MF,24,4,2,237,2.6,0,0,0,0,0,0,0,0,0,0,0,0,Switzerland
Denis Zakaria,MF,24,7,7,599,6.7,2,1,2,0,0,1,0,0.3,0.15,0.45,0.3,0.45,Switzerland
Granit Xhaka,MF,28,7,7,613,6.8,1,1,1,0,0,2,0,0.15,0.15,0.29,0.15,0.29,Switzerland
Ruben Vargas,"MF,FW",22,3,2,178,2,1,1,1,0,0,0,0,0.51,0.51,1.01,0.51,1.01,Switzerland
Albian Ajeti,"MF,FW",23,4,2,196,2.2,0,0,0,0,0,0,0,0,0,0,0,0,Switzerland
Breel Embolo,"MF,FW",23,5,5,399,4.4,0,2,0,0,0,0,0,0,0.45,0.45,0,0.45,Switzerland
Josip Drmić,FW,28,1,0,3,0,0,0,0,0,0,0,0,0,0,0,0,0,Switzerland
Mario Gavranović,FW,31,2,1,95,1.1,1,0,1,0,0,0,0,0.95,0,0.95,0.95,0.95,Switzerland
Christian Fassnacht,FW,27,2,1,103,1.1,1,1,1,0,0,0,0,0.87,0.87,1.75,0.87,1.75,Switzerland
Cedric Itten,FW,24,2,1,110,1.2,3,1,3,0,0,0,0,2.45,0.82,3.27,2.45,3.27,Switzerland
Admir Mehmedi,FW,29,4,3,200,2.2,1,2,1,0,0,0,0,0.45,0.9,1.35,0.45,1.35,Switzerland
Haris Seferović,FW,28,3,3,270,3,1,0,1,0,0,0,0,0.33,0,0.33,0.33,0.33,Switzerland
Danny Ward,GK,27,0,0,,,,,,,,,,,,,,,Wales
Tom King,GK,25,0,0,,,,,,,,,,,,,,,Wales
Adam Davies,GK,28,0,0,,,,,,,,,,,,,,,Wales
Wayne Hennessey,GK,34,8,8,720,8,0,0,0,0,0,0,0,0,0,0,0,0,Wales
Declan John,DF,25,0,0,,,,,,,,,,,,,,,Wales
Paul Dummett,DF,29,0,0,,,,,,,,,,,,,,,Wales
Neil Taylor,DF,31,1,1,79,0.9,0,0,0,0,0,0,0,0,0,0,0,0,Wales
Chris Gunter,DF,31,1,1,90,1,0,0,0,0,0,1,0,0,0,0,0,0,Wales
Ashley Williams,DF,36,2,1,109,1.2,0,0,0,0,0,0,0,0,0,0,0,0,Wales
Joe Rodon,DF,23,3,3,270,3,0,0,0,0,0,0,0,0,0,0,0,0,Wales
James Lawrence,DF,28,3,3,270,3,0,0,0,0,0,1,0,0,0,0,0,0,Wales
Tom Lockyer,DF,26,4,4,360,4,0,0,0,0,0,1,0,0,0,0,0,0,Wales
Chris Mepham,DF,23,5,5,450,5,0,0,0,0,0,1,0,0,0,0,0,0,Wales
Connor Roberts,DF,25,7,7,630,7,0,0,0,0,0,0,0,0,0,0,0,0,Wales
Ben Davies,DF,27,8,7,641,7.1,0,1,0,0,0,1,0,0,0.14,0.14,0,0.14,Wales
Dylan Levitt,MF,20,0,0,,,,,,,,,,,,,,,Wales
Rabbi Matondo,MF,20,2,0,21,0.2,0,0,0,0,0,1,0,0,0,0,0,0,Wales
Will Vaulks,MF,27,3,1,73,0.8,0,0,0,0,0,0,0,0,0,0,0,0,Wales
Aaron Ramsey,MF,30,2,1,121,1.3,2,0,2,0,0,0,0,1.49,0,1.49,1.49,1.49,Wales
David Brooks,MF,23,3,2,157,1.7,1,0,1,0,0,1,0,0.57,0,0.57,0.57,0.57,Wales
Jonny Williams,MF,27,3,2,160,1.8,0,0,0,0,0,1,0,0,0,0,0,0,Wales
Tom Lawrence,MF,27,2,2,168,1.9,0,0,0,0,0,0,0,0,0,0,0,0,Wales
Matthew Smith,MF,21,3,2,191,2.1,0,0,0,0,0,0,0,0,0,0,0,0,Wales
Joe Morrell,MF,24,4,2,213,2.4,0,0,0,0,0,1,0,0,0,0,0,0,Wales
Harry Wilson,MF,23,8,4,397,4.4,1,1,1,0,0,1,0,0.23,0.23,0.45,0.23,0.45,Wales
Ethan Ampadu,MF,20,7,5,385,4.3,0,0,0,0,0,2,0,0,0,0,0,0,Wales
Joe Allen,MF,30,7,7,630,7,0,0,0,0,0,3,0,0,0,0,0,0,Wales
Daniel James,MF,23,8,8,680,7.6,1,1,1,0,0,3,0,0.13,0.13,0.26,0.13,0.26,Wales
Gareth Bale,"MF,FW",31,8,8,686,7.6,2,1,2,0,0,2,0,0.26,0.13,0.39,0.26,0.39,Wales
Ben Woodburn,"FW,MF",21,0,0,,,,,,,,,,,,,,,Wales
George Thomas,"FW,MF",23,0,0,,,,,,,,,,,,,,,Wales
Ryan Hedges,"FW,MF",25,0,0,,,,,,,,,,,,,,,Wales
Tyler Roberts,"FW,MF",22,2,0,36,0.4,0,0,0,0,0,0,0,0,0,0,0,0,Wales
Sam Vokes,FW,31,2,0,28,0.3,0,0,0,0,0,0,0,0,0,0,0,0,Wales
Kieffer Moore,FW,28,4,4,355,3.9,2,1,2,0,0,1,0,0.51,0.25,0.76,0.51,0.76,Wales
Anssi Jaakkola,GK,33,0,0,,,,,,,,,,,,,,,Finland
Jesse Joronen,GK,27,1,1,90,1,0,0,0,0,0,0,0,0,0,0,0,0,Finland
Lukáš Hrádecký,GK,31,7,7,630,7,0,0,0,0,0,0,0,0,0,0,0,0,Finland
Daniel O'Shaughnessy,DF,26,0,0,,,,,,,,,,,,,,,Finland
Juha Pirinen,DF,29,1,1,90,1,0,0,0,0,0,0,0,0,0,0,0,0,Finland
Leo Väisänen,DF,23,2,1,95,1.1,0,0,0,0,0,0,0,0,0,0,0,0,Finland
Albin Granlund,DF,31,2,2,118,1.3,0,0,0,0,0,0,0,0,0,0,0,0,Finland
Sauli Väisänen,DF,26,4,3,331,3.7,0,0,0,0,0,1,0,0,0,0,0,0,Finland
Paulus Arajuuri,DF,32,6,6,479,5.3,0,0,0,0,0,1,0,0,0,0,0,0,Finland
Jere Uronen,DF,26,6,6,540,6,0,0,0,0,0,1,0,0,0,0,0,0,Finland
Jukka Raitala,DF,32,7,6,588,6.5,0,0,0,0,0,1,0,0,0,0,0,0,Finland
Joona Toivio,DF,32,8,8,688,7.6,0,0,0,0,0,1,0,0,0,0,0,0,Finland
Niko Markkula,"DF,MF",30,0,0,,,,,,,,,,,,,,,Finland
Thomas Lam,"DF,MF",27,1,0,32,0.4,0,0,0,0,0,0,0,0,0,0,0,0,Finland
Rasmus Karjalainen,MF,24,2,0,13,0.1,0,0,0,0,0,0,0,0,0,0,0,0,Finland
Petteri Forsell,MF,30,1,1,62,0.7,0,0,0,0,0,0,0,0,0,0,0,0,Finland
Simon Skrabb,MF,26,3,2,173,1.9,0,0,0,0,0,0,0,0,0,0,0,0,Finland
Rasmus Schüller,MF,29,6,2,204,2.3,0,1,0,0,0,1,0,0,0.44,0.44,0,0.44,Finland
Joni Kauko,MF,30,5,2,224,2.5,0,0,0,0,0,2,0,0,0,0,0,0,Finland
Lassi Lappalainen,MF,22,4,3,235,2.6,0,1,0,0,0,0,0,0,0.38,0.38,0,0.38,Finland
Pyry Soiri,MF,26,7,3,280,3.1,0,0,0,0,0,0,0,0,0,0,0,0,Finland
Tim Sparv,MF,33,5,5,380,4.2,0,0,0,0,0,1,0,0,0,0,0,0,Finland
Glen Kamara,MF,25,8,8,716,8,0,0,0,0,0,1,0,0,0,0,0,0,Finland
Robin Lod,"MF,FW",27,8,8,720,8,0,2,0,0,0,0,0,0,0.25,0.25,0,0.25,Finland
Robert Taylor,"FW,MF",26,0,0,,,,,,,,,,,,,,,Finland
Jasse Tuominen,"FW,MF",25,4,3,282,3.1,1,0,1,0,0,0,0,0.32,0,0.32,0.32,0.32,Finland
Joel Pohjanpalo,FW,26,2,0,83,0.9,1,1,1,0,0,0,0,1.08,1.08,2.17,1.08,2.17,Finland
Fredrik Jensen,FW,23,3,1,70,0.8,1,0,1,0,0,0,0,1.29,0,1.29,1.29,1.29,Finland
Benjamin Källman,FW,22,1,1,90,1,1,0,1,0,0,0,0,1,0,1,1,1,Finland
Teemu Pukki,FW,30,8,8,707,7.9,10,0,7,3,3,1,0,1.27,0,1.27,0.89,0.89,Finland
Andrey Lunyov,GK,29,0,0,,,,,,,,,,,,,,,Russia
Soslan Dzhanayev,GK,33,0,0,,,,,,,,,,,,,,,Russia
Anton Shunin,GK,34,1,1,90,1,0,0,0,0,0,0,0,0,0,0,0,0,Russia
Guilherme Marinato,GK,35,7,7,630,7,0,0,0,0,0,0,0,0,0,0,0,0,Russia
Dmitri Chistyakov,DF,27,0,0,,,,,,,,,,,,,,,Russia
Vyacheslav Karavayev,DF,25,1,0,53,0.6,0,0,0,0,0,1,0,0,0,0,0,0,Russia
Maksim Belyayev,DF,29,1,1,90,1,0,0,0,0,0,0,0,0,0,0,0,0,Russia
Sergei Petrov,DF,30,3,3,217,2.4,1,2,1,0,0,1,0,0.41,0.83,1.24,0.41,1.24,Russia
Mário Fernandes,DF,30,6,6,540,6,1,1,1,0,0,0,0,0.17,0.17,0.33,0.17,0.33,Russia
Fyodor Kudryashov,DF,33,7,6,576,6.4,1,1,1,0,0,1,0,0.16,0.16,0.31,0.16,0.31,Russia
Andrei Semyonov,DF,31,7,7,630,7,0,0,0,0,0,0,0,0,0,0,0,0,Russia
Georgi Dzhikiya,DF,27,8,8,720,8,1,0,1,0,0,0,0,0.12,0,0.12,0.12,0.12,Russia
Roman Neustädter,"DF,MF",32,0,0,,,,,,,,,,,,,,,Russia
Ruslan Kambolov,"DF,MF",31,0,0,,,,,,,,,,,,,,,Russia
Yevgeni Chernov,"DF,MF",28,0,0,,,,,,,,,,,,,,,Russia
Vladislav Ignatyev,"DF,FW",34,0,0,,,,,,,,,,,,,,,Russia
Pavel Mogilevets,MF,28,0,0,,,,,,,,,,,,,,,Russia
Daniil Fomin,MF,23,0,0,,,,,,,,,,,,,,,Russia
Aleksandr Erokhin,MF,31,1,0,11,0.1,0,0,0,0,0,0,0,0,0,0,0,0,Russia
Zelimkhan Bakayev,MF,24,3,1,144,1.6,0,0,0,0,0,0,0,0,0,0,0,0,Russia
Dmitri Barinov,MF,24,4,1,147,1.6,0,0,0,0,0,1,0,0,0,0,0,0,Russia
Daler Kuzyaev,MF,28,3,1,149,1.7,1,0,1,0,0,0,0,0.6,0,0.6,0.6,0.6,Russia
Ilzat Akhmetov,MF,23,5,2,137,1.5,0,0,0,0,0,1,0,0,0,0,0,0,Russia
Roman Zobnin,MF,26,6,4,334,3.7,0,0,0,0,0,1,0,0,0,0,0,0,Russia
Magomed Ozdoyev,MF,28,8,8,688,7.6,2,1,2,0,0,1,0,0.26,0.13,0.39,0.26,0.39,Russia
Anton Miranchuk,"MF,FW",25,3,3,177,2,0,1,0,0,0,0,0,0,0.51,0.51,0,0.51,Russia
Aleksei Miranchuk,"MF,FW",25,4,3,241,2.7,1,0,1,0,0,0,0,0.37,0,0.37,0.37,0.37,Russia
Yuri Zhirkov,"MF,FW",37,4,4,294,3.3,0,0,0,0,0,0,0,0,0,0,0,0,Russia
Aleksei Ionov,"MF,FW",31,8,6,536,6,2,0,2,0,0,0,0,0.34,0,0.34,0.34,0.34,Russia
Aleksandr Golovin,"MF,FW",24,7,6,570,6.3,2,4,2,0,0,1,0,0.32,0.63,0.95,0.32,0.95,Russia
Reziuan Mirzov,"FW,MF",27,0,0,,,,,,,,,,,,,,,Russia
Fyodor Smolov,"FW,MF",30,1,0,31,0.3,2,0,2,0,0,0,0,5.81,0,5.81,5.81,5.81,Russia
Aleksandr Sobolev,FW,23,0,0,,,,,,,,,,,,,,,Russia
Fyodor Chalov,FW,22,0,0,,,,,,,,,,,,,,,Russia
Nikolay Komlichenko,FW,25,3,0,40,0.4,1,0,1,0,0,0,0,2.25,0,2.25,2.25,2.25,Russia
Denis Cheryshev,FW,30,3,2,169,1.9,2,2,2,0,0,0,0,1.07,1.07,2.13,1.07,2.13,Russia
Artem Dzyuba,FW,32,8,8,706,7.8,8,4,7,1,2,0,0,1.02,0.51,1.53,0.89,1.4,Russia
Jens Teunckens,GK,23,0,0,,,,,,,,,,,,,,,Belgium
Matz Sels,GK,28,0,0,,,,,,,,,,,,,,,Belgium
Simon Mignolet,GK,32,1,1,90,1,0,0,0,0,0,0,0,0,0,0,0,0,Belgium
Thibaut Courtois,GK,28,7,7,630,7,0,0,0,0,0,0,0,0,0,0,0,0,Belgium
Brandon Mechele,DF,28,1,0,1,0,0,0,0,0,0,0,0,0,0,0,0,0,Belgium
Elias Cobbaut,DF,23,1,1,90,1,0,0,0,0,0,0,0,0,0,0,0,0,Belgium
Dedryck Boyata,DF,30,1,1,90,1,0,0,0,0,0,0,0,0,0,0,0,0,Belgium
Vincent Kompany,DF,34,2,2,166,1.8,0,0,0,0,0,0,0,0,0,0,0,0,Belgium
Jason Denayer,DF,25,3,2,204,2.3,0,0,0,0,0,0,0,0,0,0,0,0,Belgium
Thomas Vermaelen,DF,35,6,4,349,3.9,1,0,1,0,0,1,0,0.26,0,0.26,0.26,0.26,Belgium
Jan Vertonghen,DF,33,6,6,540,6,0,0,0,0,0,0,0,0,0,0,0,0,Belgium
Toby Alderweireld,DF,31,8,8,720,8,2,0,2,0,0,0,0,0.25,0,0.25,0.25,0.25,Belgium
Yari Verschaeren,MF,19,3,0,60,0.7,1,0,0,1,1,0,0,1.5,0,1.5,0,0,Belgium
Leander Dendoncker,MF,25,1,1,90,1,0,0,0,0,0,0,0,0,0,0,0,0,Belgium
Dennis Praet,MF,26,3,1,128,1.4,0,1,0,0,0,0,0,0,0.7,0.7,0,0.7,Belgium
Hans Vanaken,MF,28,2,2,180,2,0,0,0,0,0,0,0,0,0,0,0,0,Belgium
Nacer Chadli,MF,31,3,2,201,2.2,2,1,2,0,0,0,0,0.9,0.45,1.34,0.9,1.34,Belgium
Yannick Carrasco,MF,27,6,2,236,2.6,1,4,1,0,0,0,0,0.38,1.53,1.91,0.38,1.91,Belgium
Timothy Castagne,MF,25,3,3,270,3,2,1,2,0,0,0,0,0.67,0.33,1,0.67,1,Belgium
Thomas Meunier,MF,29,4,4,359,4,1,0,1,0,0,0,0,0.25,0,0.25,0.25,0.25,Belgium
Axel Witsel,MF,32,4,4,360,4,0,0,0,0,0,1,0,0,0,0,0,0,Belgium
Thorgan Hazard,MF,27,5,5,449,5,1,0,1,0,0,0,0,0.2,0,0.2,0.2,0.2,Belgium
Youri Tielemans,MF,23,7,5,495,5.5,1,1,1,0,0,0,0,0.18,0.18,0.36,0.18,0.36,Belgium
Kevin De Bruyne,"MF,FW",29,6,6,478,5.3,4,7,4,0,0,1,0,0.75,1.32,2.07,0.75,2.07,Belgium
Benito Raman,"FW,MF",26,1,0,1,0,0,0,0,0,0,0,0,0,0,0,0,0,Belgium
Dries Mertens,"FW,MF",33,7,5,419,4.7,2,3,2,0,0,1,0,0.43,0.64,1.07,0.43,1.07,Belgium
Eden Hazard,"FW,MF",30,6,6,485,5.4,2,7,2,0,0,0,0,0.37,1.3,1.67,0.37,1.67,Belgium
Adnan Januzaj,FW,25,1,1,55,0.6,0,0,0,0,0,0,0,0,0,0,0,0,Belgium
Divock Origi,FW,25,2,1,65,0.7,0,0,0,0,0,0,0,0,0,0,0,0,Belgium
Christian Benteke,FW,30,3,1,107,1.2,3,0,3,0,0,0,0,2.52,0,2.52,2.52,2.52,Belgium
Michy Batshuayi,FW,27,4,2,200,2.2,3,0,2,1,1,1,0,1.35,0,1.35,0.9,0.9,Belgium
Romelu Lukaku,FW,27,5,5,402,4.5,7,3,7,0,0,0,0,1.57,0.67,2.24,1.57,2.24,Belgium
Frederik Rønnow,GK,28,0,0,,,,,,,,,,,,,,,Denmark
Daniel Iversen,GK,23,0,0,,,,,,,,,,,,,,,Denmark
Jesper Hansen,GK,35,0,0,,,,,,,,,,,,,,,Denmark
Kasper Schmeichel,GK,34,7,7,630,7,0,0,0,0,0,1,0,0,0,0,0,0,Denmark
Jonas Knudsen,DF,28,0,0,,,,,,,,,,,,,,,Denmark
Riza Durmisi,DF,27,0,0,,,,,,,,,,,,,,,Denmark
Joachim Andersen,DF,24,0,0,,,,,,,,,,,,,,,Denmark
Peter Ankersen,DF,30,2,1,101,1.1,0,0,0,0,0,0,0,0,0,0,0,0,Denmark
Daniel Wass,DF,31,3,2,209,2.3,0,1,0,0,0,0,0,0,0.43,0.43,0,0.43,Denmark
Mathias Jørgensen,DF,30,5,2,267,3,0,0,0,0,0,0,0,0,0,0,0,0,Denmark
Henrik Dalsgaard,DF,31,4,4,360,4,0,1,0,0,0,1,0,0,0.25,0.25,0,0.25,Denmark
Andreas Christensen,DF,24,7,5,466,5.2,0,0,0,0,0,0,0,0,0,0,0,0,Denmark
Simon Kjær,DF,31,7,7,547,6.1,0,2,0,0,0,1,0,0,0.33,0.33,0,0.33,Denmark
Jens Stryger Larsen,DF,29,7,7,606,6.7,0,1,0,0,0,0,0,0,0.15,0.15,0,0.15,Denmark
Victor Nelsson,"DF,MF",22,0,0,,,,,,,,,,,,,,,Denmark
Christian Nørgaard,MF,26,0,0,,,,,,,,,,,,,,,Denmark
Lukas Lerager,MF,27,0,0,,,,,,,,,,,,,,,Denmark
Anders Christiansen,MF,30,0,0,,,,,,,,,,,,,,,Denmark
Jacob Bruun Larsen,MF,22,0,0,,,,,,,,,,,,,,,Denmark
Philip Billing,MF,24,0,0,,,,,,,,,,,,,,,Denmark
Robert Skov,MF,24,3,3,241,2.7,3,2,3,0,0,0,0,1.12,0.75,1.87,1.12,1.87,Denmark
Pierre Højbjerg,MF,25,7,3,412,4.6,1,0,1,0,0,0,0,0.22,0,0.22,0.22,0.22,Denmark
Lasse Schöne,MF,34,6,4,303,3.4,0,1,0,0,0,2,0,0,0.3,0.3,0,0.3,Denmark
Thomas Delaney,MF,29,7,7,538,6,1,0,1,0,0,0,0,0.17,0,0.17,0.17,0.17,Denmark
Martin Braithwaite,"MF,FW",29,7,5,432,4.8,3,0,3,0,0,0,0,0.62,0,0.62,0.62,0.62,Denmark
Yussuf Poulsen,"MF,FW",26,6,6,496,5.5,2,0,2,0,0,1,0,0.36,0,0.36,0.36,0.36,Denmark
Christian Eriksen,"MF,FW",28,7,7,630,7,5,3,2,3,3,0,0,0.71,0.43,1.14,0.29,0.71,Denmark
Nicolai Jørgensen,FW,30,1,1,90,1,0,0,0,0,0,0,0,0,0,0,0,0,Denmark
Andreas Cornelius,FW,27,2,2,122,1.4,0,0,0,0,0,0,0,0,0,0,0,0,Denmark
Christian Gytkjær,FW,30,3,2,204,2.3,3,0,3,0,0,0,0,1.32,0,1.32,1.32,1.32,Denmark
Kasper Dolberg,FW,23,5,2,276,3.1,2,1,2,0,0,0,0,0.65,0.33,0.98,0.65,0.98,Denmark
Yuriy Pankiv,GK,36,0,0,,,,,,,,,,,,,,,Ukraine
Andriy Lunin,GK,21,0,0,,,,,,,,,,,,,,,Ukraine
Andriy Pyatov,GK,36,6,6,540,6,0,0,0,0,0,0,0,0,0,0,0,0,Ukraine
Artem Shabanov,DF,28,0,0,,,,,,,,,,,,,,,Ukraine
Bohdan Butko,DF,30,0,0,,,,,,,,,,,,,,,Ukraine
Mykyta Burda,DF,25,0,0,,,,,,,,,,,,,,,Ukraine
Ihor Plastun,DF,30,1,0,1,0,0,0,0,0,0,0,0,0,0,0,0,0,Ukraine
Eduard Sobol,DF,25,2,1,93,1,0,0,0,0,0,0,0,0,0,0,0,0,Ukraine
Serhiy Bolbat,DF,27,2,2,180,2,0,0,0,0,0,0,0,0,0,0,0,0,Ukraine
Oleksandr Karavayev,DF,28,4,4,360,4,0,2,0,0,0,1,0,0,0.5,0.5,0,0.5,Ukraine
Vitaliy Mykolenko,DF,21,5,5,449,5,0,1,0,0,0,2,0,0,0.2,0.2,0,0.2,Ukraine
Mykola Matviyenko,DF,24,6,6,540,6,0,0,0,0,0,1,0,0,0,0,0,0,Ukraine
Serhiy Kryvtsov,DF,29,6,6,540,6,0,0,0,0,0,0,0,0,0,0,0,0,Ukraine
Mykola Shaparenko,MF,22,0,0,,,,,,,,,,,,,,,Ukraine
Vitaliy Buyalskyi,MF,28,0,0,,,,,,,,,,,,,,,Ukraine
Yevhen Shakhov,MF,30,1,0,3,0,0,0,0,0,0,0,0,0,0,0,0,0,Ukraine
Volodymyr Shepelyev,MF,23,2,0,33,0.4,0,0,0,0,0,0,0,0,0,0,0,0,Ukraine
Serhiy Sydorchuk,MF,29,2,1,108,1.2,0,0,0,0,0,0,0,0,0,0,0,0,Ukraine
Viktor Kovalenko,MF,24,4,1,120,1.3,0,0,0,0,0,1,0,0,0,0,0,0,Ukraine
Yevhen Konoplyanka,MF,31,4,2,214,2.4,2,0,2,0,0,0,0,0.84,0,0.84,0.84,0.84,Ukraine
Viktor Tsyhankov,MF,23,5,3,310,3.4,2,1,2,0,0,0,0,0.58,0.29,0.87,0.58,0.87,Ukraine
Taras Stepanenko,MF,31,5,5,394,4.4,0,0,0,0,0,3,1,0,0,0,0,0,Ukraine
Oleksandr Zinchenko,MF,24,5,5,450,5,1,0,1,0,0,2,0,0.2,0,0.2,0.2,0.2,Ukraine
Ruslan Malinovskyi,MF,27,6,6,526,5.8,3,3,3,0,0,0,0,0.51,0.51,1.03,0.51,1.03,Ukraine
Maryan Shved,"FW,MF",23,0,0,,,,,,,,,,,,,,,Ukraine
Roman Bezus,"FW,MF",30,1,0,11,0.1,0,0,0,0,0,0,0,0,0,0,0,0,Ukraine
Marlos,"FW,MF",32,3,3,210,2.3,1,1,1,0,0,0,0,0.43,0.43,0.86,0.43,0.86,Ukraine
Andriy Yarmolenko,"FW,MF",31,4,4,303,3.4,1,1,1,0,0,1,0,0.3,0.3,0.59,0.3,0.59,Ukraine
Roman Yaremchuk,"FW,MF",25,5,5,382,4.2,4,1,4,0,0,1,0,0.94,0.24,1.18,0.94,1.18,Ukraine
Artem Besyedin,FW,24,1,0,14,0.2,1,0,1,0,0,0,0,6.43,0,6.43,6.43,6.43,Ukraine
Artem Kravets,FW,31,1,0,24,0.3,0,0,0,0,0,0,0,0,0,0,0,0,Ukraine
Júnior Moraes,FW,33,2,1,116,1.3,0,1,0,0,0,0,0,0,0.78,0.78,0,0.78,Ukraine
Damjan Šiškovski,GK,25,0,0,,,,,,,,,,,,,,,NorthMacedonia
Kristijan Naumovski,GK,32,0,0,,,,,,,,,,,,,,,NorthMacedonia
Dejan Iliev,GK,25,0,0,,,,,,,,,,,,,,,NorthMacedonia
Daniel Bozhinovski,GK,31,0,0,,,,,,,,,,,,,,,NorthMacedonia
Stole Dimitrievski,GK,27,10,10,900,10,0,0,0,0,0,1,0,0,0,0,0,0,NorthMacedonia
Ljupche Doriev,DF,25,0,0,,,,,,,,,,,,,,,NorthMacedonia
Gjoko Zajkov,DF,25,4,0,75,0.8,0,0,0,0,0,1,0,0,0,0,0,0,NorthMacedonia
Mario Mladenovski,DF,20,1,1,45,0.5,0,0,0,0,0,0,0,0,0,0,0,0,NorthMacedonia
Darko Velkovski,DF,25,8,8,701,7.8,1,0,1,0,0,1,0,0.13,0,0.13,0.13,0.13,NorthMacedonia
Visar Musliu,DF,26,8,8,714,7.9,0,0,0,0,0,4,1,0,0,0,0,0,NorthMacedonia
Kire Ristevski,"DF,MF",30,7,5,526,5.8,0,0,0,0,0,0,0,0,0,0,0,0,NorthMacedonia
Egzon Bejtulai,"DF,MF",27,7,7,590,6.6,0,0,0,0,0,3,0,0,0,0,0,0,NorthMacedonia
Stefan Ristovski,"DF,MF",28,8,8,682,7.6,0,0,0,0,0,2,0,0,0,0,0,0,NorthMacedonia
Ezgjan Alioski,"MF,DF",28,8,8,720,8,0,1,0,0,0,2,0,0,0.12,0.12,0,0.12,NorthMacedonia
Ennur Totre,MF,24,0,0,,,,,,,,,,,,,,,NorthMacedonia
Kire Markoski,MF,25,0,0,,,,,,,,,,,,,,,NorthMacedonia
Nikola Gjorgjev,MF,23,0,0,,,,,,,,,,,,,,,NorthMacedonia
Darko Churlinov,MF,20,0,0,,,,,,,,,,,,,,,NorthMacedonia
Gjorgji Stoilov,MF,25,1,0,3,0,0,0,0,0,0,0,0,0,0,0,0,0,NorthMacedonia
Ferhan Hasani,MF,30,2,0,31,0.3,0,0,0,0,0,0,0,0,0,0,0,0,NorthMacedonia
Daniel Avramovski,MF,25,2,0,41,0.5,0,0,0,0,0,0,0,0,0,0,0,0,NorthMacedonia
Kristijan Toshevski,MF,26,2,1,74,0.8,0,0,0,0,0,0,0,0,0,0,0,0,NorthMacedonia
Tihomir Kostadinov,MF,24,4,2,190,2.1,0,0,0,0,0,1,0,0,0,0,0,0,NorthMacedonia
Stefan Spirovski,MF,30,6,3,313,3.5,0,0,0,0,0,1,0,0,0,0,0,0,NorthMacedonia
Arijan Ademi,MF,29,7,6,507,5.6,1,1,1,0,0,2,0,0.18,0.18,0.36,0.18,0.36,NorthMacedonia
Enis Bardhi,MF,25,7,7,622,6.9,1,2,1,0,0,3,0,0.14,0.29,0.43,0.14,0.43,NorthMacedonia
Boban Nikolov,MF,26,9,8,657,7.3,1,0,1,0,0,4,0,0.14,0,0.14,0.14,0.14,NorthMacedonia
Aleksandar Trajkovski,"MF,FW",28,6,2,142,1.6,0,0,0,0,0,0,0,0,0,0,0,0,NorthMacedonia
Elif Elmas,"MF,FW",21,9,9,771,8.6,2,1,2,0,0,1,0,0.23,0.12,0.35,0.23,0.35,NorthMacedonia
Marjan Radeski,"FW,MF",25,3,0,47,0.5,0,0,0,0,0,0,0,0,0,0,0,0,NorthMacedonia
Goran Pandev,"FW,MF",37,9,8,671,7.5,2,1,2,0,0,2,0,0.27,0.13,0.4,0.27,0.4,NorthMacedonia
Krste Velkoski,FW,32,0,0,,,,,,,,,,,,,,,NorthMacedonia
Ivan Tričkovski,FW,33,4,1,128,1.4,0,0,0,0,0,0,0,0,0,0,0,0,NorthMacedonia
Vlatko Stojanovski,FW,23,2,1,138,1.5,1,0,1,0,0,0,0,0.65,0,0.65,0.65,0.65,NorthMacedonia
Ilija Nestorovski,FW,30,9,7,606,6.7,0,1,0,0,0,4,0,0,0.15,0.15,0,0.15,NorthMacedonia
Jeroen Zoet,GK,30,0,0,,,,,,,,,,,,,,,Netherlands
Kenneth Vermeer,GK,35,0,0,,,,,,,,,,,,,,,Netherlands
Marco Bizot,GK,29,0,0,,,,,,,,,,,,,,,Netherlands
Jasper Cillessen,GK,31,6,6,540,6,0,0,0,0,0,0,0,0,0,0,0,0,Netherlands
Stefan de Vrij,DF,28,0,0,,,,,,,,,,,,,,,Netherlands
Patrick van Aanholt,DF,30,1,1,90,1,0,0,0,0,0,0,0,0,0,0,0,0,Netherlands
Nathan Aké,DF,25,3,1,101,1.1,1,0,1,0,0,0,0,0.89,0,0.89,0.89,0.89,Netherlands
Denzel Dumfries,DF,24,2,2,134,1.5,0,0,0,0,0,0,0,0,0,0,0,0,Netherlands
Joël Veltman,DF,29,3,3,270,3,0,0,0,0,0,2,0,0,0,0,0,0,Netherlands
Virgil van Dijk,DF,29,5,5,450,5,0,0,0,0,0,0,0,0,0,0,0,0,Netherlands
Daley Blind,DF,30,5,5,450,5,0,1,0,0,0,0,0,0,0.2,0.2,0,0.2,Netherlands
Matthijs de Ligt,DF,21,6,6,540,6,0,1,0,0,0,0,0,0,0.17,0.17,0,0.17,Netherlands
Tonny Vilhena,MF,26,0,0,,,,,,,,,,,,,,,Netherlands
Kevin Strootman,MF,30,2,0,23,0.3,0,1,0,0,0,0,0,0,3.91,3.91,0,3.91,Netherlands
Calvin Stengs,MF,22,1,1,90,1,0,2,0,0,0,0,0,0,2,2,0,2,Netherlands
Steven Berghuis,MF,29,2,1,92,1,0,0,0,0,0,0,0,0,0,0,0,0,Netherlands
Donny van de Beek,MF,23,3,2,181,2,0,0,0,0,0,0,0,0,0,0,0,0,Netherlands
Davy Pröpper,MF,29,4,2,268,3,0,0,0,0,0,0,0,0,0,0,0,0,Netherlands
Marten de Roon,MF,29,4,3,181,2,0,0,0,0,0,2,0,0,0,0,0,0,Netherlands
Georginio Wijnaldum,MF,30,5,5,450,5,7,1,7,0,0,0,0,1.4,0.2,1.6,1.4,1.6,Netherlands
Frenkie de Jong,MF,23,6,6,504,5.6,1,1,1,0,0,1,0,0.18,0.18,0.36,0.18,0.36,Netherlands
Justin Kluivert,"FW,MF",21,0,0,,,,,,,,,,,,,,,Netherlands
Memphis Depay,"FW,MF",26,4,4,315,3.5,3,3,3,0,0,2,0,0.86,0.86,1.71,0.86,1.71,Netherlands
Quincy Promes,"FW,MF",29,4,4,335,3.7,0,2,0,0,0,0,0,0,0.54,0.54,0,0.54,Netherlands
Wout Weghorst,FW,28,1,0,28,0.3,0,0,0,0,0,0,0,0,0,0,0,0,Netherlands
Myron Boadu,FW,20,1,0,45,0.5,1,0,1,0,0,0,0,2,0,2,2,2,Netherlands
Luuk de Jong,FW,30,5,1,146,1.6,1,0,1,0,0,0,0,0.62,0,0.62,0.62,0.62,Netherlands
Steven Bergwijn,FW,23,2,2,178,2,0,1,0,0,0,0,0,0,0.51,0.51,0,0.51,Netherlands
Donyell Malen,FW,22,4,2,210,2.3,1,1,1,0,0,0,0,0.43,0.43,0.86,0.43,0.86,Netherlands
Ryan Babel,FW,34,5,4,319,3.5,2,1,2,0,0,0,0,0.56,0.28,0.85,0.56,0.85,Netherlands
Jörg Siebenhandl,GK,31,0,0,,,,,,,,,,,,,,,Austria
Alexander Schlager,GK,24,1,1,90,1,0,0,0,0,0,0,0,0,0,0,0,0,Austria
Pavao Pervan,GK,33,1,1,90,1,0,0,0,0,0,0,0,0,0,0,0,0,Austria
Heinz Lindner,GK,30,2,2,180,2,0,0,0,0,0,0,0,0,0,0,0,0,Austria
Cican Stankovic,GK,28,4,4,360,4,0,0,0,0,0,0,0,0,0,0,0,0,Austria
Albert Vallci,DF,25,0,0,,,,,,,,,,,,,,,Austria
Philipp Lienhart,DF,24,0,0,,,,,,,,,,,,,,,Austria
Marco Friedl,DF,22,0,0,,,,,,,,,,,,,,,Austria
Maximilian Wöber,DF,22,1,1,90,1,0,0,0,0,0,0,0,0,0,0,0,0,Austria
Christopher Trimmel,DF,33,4,1,133,1.5,0,0,0,0,0,0,0,0,0,0,0,0,Austria
Stefan Posch,DF,23,5,4,377,4.2,1,0,1,0,0,1,0,0.24,0,0.24,0.24,0.24,Austria
Stefan Lainer,DF,28,5,5,450,5,1,1,1,0,0,0,0,0.2,0.2,0.4,0.2,0.4,Austria
Martin Hinteregger,DF,28,6,6,540,6,1,0,1,0,0,1,0,0.17,0,0.17,0.17,0.17,Austria
Andreas Ulmer,DF,35,7,7,630,7,0,0,0,0,0,1,0,0,0,0,0,0,Austria
Aleksandar Dragović,DF,29,8,8,665,7.4,0,1,0,0,0,0,0,0,0.14,0.14,0,0.14,Austria
Maximilian Ullmann,"DF,MF",24,0,0,,,,,,,,,,,,,,,Austria
Peter Žulj,MF,27,0,0,,,,,,,,,,,,,,,Austria
Reinhold Ranftl,MF,29,1,0,14,0.2,0,0,0,0,0,0,0,0,0,0,0,0,Austria
Thomas Goiginger,MF,27,1,1,68,0.8,0,0,0,0,0,0,0,0,0,0,0,0,Austria
Florian Grillitsch,MF,25,2,1,100,1.1,0,0,0,0,0,0,0,0,0,0,0,0,Austria
Louis Schaub,MF,26,3,1,123,1.4,0,0,0,0,0,0,0,0,0,0,0,0,Austria
Xaver Schlager,MF,23,2,2,180,2,0,0,0,0,0,0,0,0,0,0,0,0,Austria
David Alaba,MF,28,4,4,358,4,1,0,1,0,0,0,0,0.25,0,0.25,0.25,0.25,Austria
Stefan Ilsanker,MF,31,8,4,386,4.3,0,0,0,0,0,1,0,0,0,0,0,0,Austria
Julian Baumgartlinger,MF,33,6,6,479,5.3,0,0,0,0,0,1,0,0,0,0,0,0,Austria
Valentino Lazaro,MF,24,7,7,579,6.4,2,1,2,0,0,1,0,0.31,0.16,0.47,0.31,0.47,Austria
Konrad Laimer,MF,23,7,7,586,6.5,1,3,1,0,0,2,0,0.15,0.46,0.61,0.15,0.61,Austria
Marcel Sabitzer,MF,26,7,7,608,6.8,2,1,2,0,0,2,0,0.3,0.15,0.44,0.3,0.44,Austria
Florian Kainz,"FW,MF",28,2,0,2,0,0,0,0,0,0,0,0,0,0,0,0,0,Austria
Lukas Hinterseer,"FW,MF",29,1,0,22,0.2,0,0,0,0,0,0,0,0,0,0,0,0,Austria
Guido Burgstaller,"FW,MF",31,2,0,23,0.3,1,0,1,0,0,1,0,3.91,0,3.91,3.91,3.91,Austria
Karim Onisiwo,"FW,MF",28,2,0,53,0.6,0,0,0,0,0,0,0,0,0,0,0,0,Austria
Michael Gregoritsch,FW,26,6,2,206,2.3,1,1,1,0,0,0,0,0.44,0.44,0.87,0.44,0.87,Austria
Marko Arnautović,FW,31,6,6,528,5.9,4,2,2,2,2,1,0,0.68,0.34,1.02,0.34,0.68,Austria
Jiří Pavlenka,GK,28,0,0,,,,,,,,,,,,,,,CzechRepublic
Tomáš Koubek,GK,28,0,0,,,,,,,,,,,,,,,CzechRepublic
Ondřej Kolář,GK,26,1,1,90,1,0,0,0,0,0,0,0,0,0,0,0,0,CzechRepublic
Tomáš Vaclík,GK,31,6,6,540,6,0,0,0,0,0,0,0,0,0,0,0,0,CzechRepublic
Stefan Simić,DF,26,0,0,,,,,,,,,,,,,,,CzechRepublic
Radim Řezník,DF,32,0,0,,,,,,,,,,,,,,,CzechRepublic
Tomáš Kalas,DF,27,0,0,,,,,,,,,,,,,,,CzechRepublic
Ondřej Kúdela,DF,33,1,1,90,1,0,0,0,0,0,1,0,0,0,0,0,0,CzechRepublic
Filip Novák,DF,30,2,2,180,2,0,0,0,0,0,1,0,0,0,0,0,0,CzechRepublic
Jakub Brabec,DF,28,3,2,225,2.5,1,0,1,0,0,0,0,0.4,0,0.4,0.4,0.4,CzechRepublic
Vladimír Coufal,DF,28,3,3,270,3,0,0,0,0,0,0,0,0,0,0,0,0,CzechRepublic
Marek Suchý,DF,32,4,4,315,3.5,0,1,0,0,0,1,0,0,0.29,0.29,0,0.29,CzechRepublic
Pavel Kadeřábek,DF,28,5,4,361,4,0,1,0,0,0,1,0,0,0.25,0.25,0,0.25,CzechRepublic
Jan Bořil,DF,30,5,5,450,5,0,0,0,0,0,1,0,0,0,0,0,0,CzechRepublic
Ondřej Čelůstka,DF,31,7,7,630,7,1,1,1,0,0,1,0,0.14,0.14,0.29,0.14,0.29,CzechRepublic
Michal Sadílek,"DF,FW",21,0,0,,,,,,,,,,,,,,,CzechRepublic
Lukáš Kalvach,MF,25,0,0,,,,,,,,,,,,,,,CzechRepublic
Jaromír Zmrhal,MF,27,1,0,1,0,0,0,0,0,0,0,0,0,0,0,0,0,CzechRepublic
Josef Hušbauer,MF,30,2,0,39,0.4,0,0,0,0,0,0,0,0,0,0,0,0,CzechRepublic
Jan Kopic,MF,30,4,0,99,1.1,0,0,0,0,0,0,0,0,0,0,0,0,CzechRepublic
Petr Ševčík,MF,26,2,1,79,0.9,0,0,0,0,0,0,0,0,0,0,0,0,CzechRepublic
David Pavelka,MF,29,2,2,180,2,0,0,0,0,0,1,0,0,0,0,0,0,CzechRepublic
Vladimír Darida,MF,30,5,5,450,5,1,0,0,1,1,0,0,0.2,0,0.2,0,0,CzechRepublic
Lukáš Masopust,MF,27,7,6,448,5,1,2,1,0,0,1,0,0.2,0.4,0.6,0.2,0.6,CzechRepublic
Alex Král,MF,22,7,7,591,6.6,1,1,1,0,0,0,0,0.15,0.15,0.3,0.15,0.3,CzechRepublic
Jakub Jankto,MF,25,7,7,595,6.6,1,3,1,0,0,3,0,0.15,0.45,0.61,0.15,0.61,CzechRepublic
Tomáš Souček,MF,25,7,7,630,7,1,0,1,0,0,2,0,0.14,0,0.14,0.14,0.14,CzechRepublic
Matěj Vydra,"FW,MF",28,0,0,,,,,,,,,,,,,,,CzechRepublic
Ladislav Krejčí,"FW,MF",28,2,0,26,0.3,0,0,0,0,0,0,0,0,0,0,0,0,CzechRepublic
Libor Kozák,FW,31,1,0,3,0,0,0,0,0,0,0,0,0,0,0,0,0,CzechRepublic
Martin Doležal,FW,30,3,0,35,0.4,0,0,0,0,0,0,0,0,0,0,0,0,CzechRepublic
Michal Krmenčík,FW,27,3,1,91,1,0,0,0,0,0,0,0,0,0,0,0,0,CzechRepublic
Zdeněk Ondrášek,FW,32,3,1,135,1.5,1,0,1,0,0,0,0,0.67,0,0.67,0.67,0.67,CzechRepublic
Patrik Schick,FW,25,5,5,377,4.2,4,0,3,1,1,1,0,0.95,0,0.95,0.72,0.72,CzechRepublic
Dean Henderson,GK,23,0,0,,,,,,,,,,,,,,,England
Tom Heaton,GK,34,0,0,,,,,,,,,,,,,,,England
Nick Pope,GK,28,1,1,90,1,0,0,0,0,0,0,0,0,0,0,0,0,England
Jordan Pickford,GK,26,5,5,450,5,0,0,0,0,0,0,0,0,0,0,0,0,England
Fikayo Tomori,DF,23,1,0,7,0.1,0,0,0,0,0,0,0,0,0,0,0,0,England
Joe Gomez,DF,23,1,0,21,0.2,0,0,0,0,0,0,0,0,0,0,0,0,England
John Stones,DF,26,1,1,90,1,0,0,0,0,0,0,0,0,0,0,0,0,England
Danny Rose,DF,30,2,2,180,2,0,0,0,0,0,2,0,0,0,0,0,0,England
Tyrone Mings,DF,27,2,2,180,2,0,0,0,0,0,0,0,0,0,0,0,0,England
Trent Alexander-Arnold,DF,22,3,3,263,2.9,0,1,0,0,0,0,0,0,0.34,0.34,0,0.34,England
Kieran Trippier,DF,30,3,3,270,3,0,0,0,0,0,0,0,0,0,0,0,0,England
Michael Keane,DF,28,3,3,270,3,0,1,0,0,0,1,0,0,0.33,0.33,0,0.33,England
Ben Chilwell,DF,24,4,4,360,4,0,3,0,0,0,0,0,0,0.75,0.75,0,0.75,England
Harry Maguire,DF,27,6,6,540,6,0,1,0,0,0,0,0,0,0.17,0.17,0,0.17,England
James Maddison,MF,24,1,0,35,0.4,0,0,0,0,0,0,0,0,0,0,0,0,England
Alex Oxlade-Chamberlain,MF,27,3,2,140,1.6,1,1,1,0,0,0,0,0.64,0.64,1.29,0.64,1.29,England
Mason Mount,MF,22,6,2,209,2.3,1,0,1,0,0,0,0,0.43,0,0.43,0.43,0.43,England
Ross Barkley,MF,27,4,3,263,2.9,2,1,2,0,0,0,0,0.68,0.34,1.03,0.68,1.03,England
Harry Winks,MF,24,3,3,270,3,1,0,1,0,0,0,0,0.33,0,0.33,0.33,0.33,England
Jordan Henderson,MF,30,4,4,336,3.7,0,0,0,0,0,2,0,0,0,0,0,0,England
Declan Rice,MF,22,4,4,357,4,0,0,0,0,0,0,0,0,0,0,0,0,England
Jadon Sancho,"MF,FW",20,5,3,284,3.2,2,1,2,0,0,0,0,0.63,0.32,0.95,0.63,0.95,England
Raheem Sterling,"MF,FW",26,5,5,412,4.6,4,6,4,0,0,1,0,0.87,1.31,2.18,0.87,2.18,England
Callum Wilson,FW,28,1,0,15,0.2,0,0,0,0,0,0,0,0,0,0,0,0,England
Tammy Abraham,FW,23,2,0,37,0.4,1,0,1,0,0,0,0,2.43,0,2.43,2.43,2.43,England
Callum Hudson-Odoi,FW,20,1,1,58,0.6,0,0,0,0,0,0,0,0,0,0,0,0,England
Marcus Rashford,FW,23,6,3,311,3.5,3,0,3,0,0,0,0,0.87,0,0.87,0.87,0.87,England
Harry Kane,FW,27,6,6,492,5.5,10,5,7,3,4,0,0,1.83,0.91,2.74,1.28,2.2,England
Robby McCrorie,GK,22,0,0,,,,,,,,,,,,,,,Scotland
Craig MacGillivray,GK,28,0,0,,,,,,,,,,,,,,,Scotland
Craig Gordon,GK,38,0,0,,,,,,,,,,,,,,,Scotland
Scott Bain,GK,29,0,0,,,,,,,,,,,,,,,Scotland
Jon McLaughlin,GK,33,1,1,90,1,0,0,0,0,0,0,0,0,0,0,0,0,Scotland
David Marshall,GK,35,9,9,870,9.7,0,0,0,0,0,0,0,0,0,0,0,0,Scotland
John Souttar,DF,24,0,0,,,,,,,,,,,,,,,Scotland
Ryan Porteous,DF,21,0,0,,,,,,,,,,,,,,,Scotland
Andrew Considine,DF,33,0,0,,,,,,,,,,,,,,,Scotland
David Bates,DF,24,0,0,,,,,,,,,,,,,,,Scotland
Stuart Findlay,DF,25,1,1,90,1,1,1,1,0,0,0,0,1,1,2,1,2,Scotland
Kieran Tierney,DF,23,1,1,120,1.3,0,0,0,0,0,0,0,0,0,0,0,0,Scotland
Michael Devlin,DF,27,3,2,181,2,0,0,0,0,0,0,0,0,0,0,0,0,Scotland
Greg Taylor,DF,23,3,3,270,3,0,2,0,0,0,1,0,0,0.67,0.67,0,0.67,Scotland
Liam Cooper,DF,29,3,3,300,3.3,0,0,0,0,0,1,0,0,0,0,0,0,Scotland
Liam Palmer,DF,29,4,4,360,4,0,0,0,0,0,1,0,0,0,0,0,0,Scotland
Scott McKenna,DF,24,4,4,360,4,0,0,0,0,0,1,0,0,0,0,0,0,Scotland
Declan Gallagher,DF,29,4,4,420,4.7,0,0,0,0,0,2,0,0,0,0,0,0,Scotland
Charlie Mulgrew,DF,34,5,5,450,5,0,0,0,0,0,0,0,0,0,0,0,0,Scotland
Graeme Shinnie,"DF,MF",29,0,0,,,,,,,,,,,,,,,Scotland
Stephen O'Donnell,"DF,MF",28,6,6,588,6.5,0,0,0,0,0,1,0,0,0,0,0,0,Scotland
Andrew Robertson,"DF,MF",26,7,7,690,7.7,1,0,1,0,0,0,0,0.13,0,0.13,0.13,0.13,Scotland
Scott McTominay,"MF,DF",24,7,6,599,6.7,0,0,0,0,0,3,0,0,0,0,0,0,Scotland
Callum Paterson,"DF,FW",26,2,0,64,0.7,0,0,0,0,0,1,0,0,0,0,0,0,Scotland
Tom Cairney,MF,30,0,0,,,,,,,,,,,,,,,Scotland
John Fleck,MF,29,2,1,89,1,0,0,0,0,0,1,0,0,0,0,0,0,Scotland
Stuart Armstrong,MF,28,6,1,89,1,1,0,1,0,0,0,0,1.01,0,1.01,1.01,1.01,Scotland
Johnny Russell,MF,30,3,1,101,1.1,0,0,0,0,0,0,0,0,0,0,0,0,Scotland
Kenny McLean,MF,29,6,3,345,3.8,0,0,0,0,0,1,0,0,0,0,0,0,Scotland
Ryan Jack,MF,28,4,4,383,4.3,0,0,0,0,0,0,0,0,0,0,0,0,Scotland
John McGinn,MF,26,9,8,684,7.6,7,2,7,0,0,2,0,0.92,0.26,1.18,0.92,1.18,Scotland
Callum McGregor,MF,27,10,10,912,10.1,0,1,0,0,0,1,0,0,0.1,0.1,0,0.1,Scotland
Robert Snodgrass,"MF,FW",33,2,2,180,2,0,0,0,0,0,0,0,0,0,0,0,0,Scotland
Ryan Fraser,"MF,FW",26,5,3,343,3.8,0,0,0,0,0,1,0,0,0,0,0,0,Scotland
James Forrest,"MF,FW",29,6,5,426,4.7,0,0,0,0,0,0,0,0,0,0,0,0,Scotland
Ryan Christie,"MF,FW",25,7,5,484,5.4,2,2,2,0,0,0,0,0.37,0.37,0.74,0.37,0.74,Scotland
Lewis Morgan,"FW,MF",24,0,0,,,,,,,,,,,,,,,Scotland
Marc McNulty,"FW,MF",28,0,0,,,,,,,,,,,,,,,Scotland
Leigh Griffiths,FW,30,1,0,4,0,0,0,0,0,0,0,0,0,0,0,0,0,Scotland
Eamonn Brophy,FW,24,1,1,72,0.8,0,0,0,0,0,0,0,0,0,0,0,0,Scotland
Matt Phillips,FW,29,2,1,89,1,0,0,0,0,0,0,0,0,0,0,0,0,Scotland
Lawrence Shankland,FW,25,3,1,183,2,1,0,1,0,0,0,0,0.49,0,0.49,0.49,0.49,Scotland
Steven Naismith,FW,34,2,2,138,1.5,1,0,1,0,0,0,0,0.65,0,0.65,0.65,0.65,Scotland
Lyndon Dykes,FW,25,2,2,172,1.9,0,0,0,0,0,0,0,0,0,0,0,0,Scotland
Oliver Burke,FW,23,5,2,185,2.1,1,0,1,0,0,0,0,0.49,0,0.49,0.49,0.49,Scotland
Oliver McBurnie,FW,24,4,2,229,2.5,0,0,0,0,0,0,0,0,0,0,0,0,Scotland
Simon Sluga,GK,27,0,0,,,,,,,,,,,,,,,Croatia
Lovre Kalinić,GK,30,0,0,,,,,,,,,,,,,,,Croatia
Dominik Livaković,GK,26,6,6,540,6,0,0,0,0,0,0,0,0,0,0,0,0,Croatia
Matej Mitrović,DF,27,0,0,,,,,,,,,,,,,,,Croatia
Dario Melnjak,DF,28,0,0,,,,,,,,,,,,,,,Croatia
Filip Benković,DF,23,0,0,,,,,,,,,,,,,,,Croatia
Dino Perić,DF,26,1,1,90,1,0,1,0,0,0,0,0,0,1,1,0,1,Croatia
Duje Ćaleta-Car,DF,24,1,1,90,1,0,0,0,0,0,1,0,0,0,0,0,0,Croatia
Karlo Bartolec,DF,25,2,2,165,1.8,0,0,0,0,0,0,0,0,0,0,0,0,Croatia
Tin Jedvaj,DF,25,4,4,360,4,0,0,0,0,0,1,0,0,0,0,0,0,Croatia
Domagoj Vida,DF,31,5,5,450,5,0,0,0,0,0,3,0,0,0,0,0,0,Croatia
Dejan Lovren,DF,31,5,5,450,5,1,0,1,0,0,2,0,0.2,0,0.2,0.2,0.2,Croatia
Borna Barišić,DF,28,6,6,540,6,0,1,0,0,0,1,0,0,0.17,0.17,0,0.17,Croatia
Josip Juranović,"DF,MF",25,0,0,,,,,,,,,,,,,,,Croatia
Marko Rog,MF,25,0,0,,,,,,,,,,,,,,,Croatia
Alen Halilović,MF,24,0,0,,,,,,,,,,,,,,,Croatia
Mijo Caktaš,MF,28,0,0,,,,,,,,,,,,,,,Croatia
Filip Bradarić,MF,29,0,0,,,,,,,,,,,,,,,Croatia
Mile Škorić,MF,29,1,0,1,0,0,0,0,0,0,0,0,0,0,0,0,0,Croatia
Milan Badelj,MF,31,3,0,25,0.3,0,0,0,0,0,0,0,0,0,0,0,0,Croatia
Mario Pašalić,MF,25,2,0,32,0.4,0,0,0,0,0,0,0,0,0,0,0,0,Croatia
Ivan Rakitić,MF,32,2,1,118,1.3,0,0,0,0,0,1,0,0,0,0,0,0,Croatia
Mateo Kovačić,MF,26,4,2,160,1.8,0,0,0,0,0,0,0,0,0,0,0,0,Croatia
Josip Brekalo,MF,22,6,2,259,2.9,0,0,0,0,0,1,0,0,0,0,0,0,Croatia
Nikola Vlašić,MF,23,5,4,352,3.9,3,0,3,0,0,0,0,0.77,0,0.77,0.77,0.77,Croatia
Marcelo Brozović,MF,28,5,5,450,5,0,2,0,0,0,3,0,0,0.4,0.4,0,0.4,Croatia
Luka Modrić,MF,35,6,6,515,5.7,2,1,1,1,1,1,0,0.35,0.17,0.52,0.17,0.35,Croatia
Ante Rebić,"MF,FW",27,5,4,324,3.6,0,1,0,0,0,1,0,0,0.28,0.28,0,0.28,Croatia
Ivan Perišić,"MF,FW",31,6,6,500,5.6,3,1,3,0,1,0,0,0.54,0.18,0.72,0.54,0.72,Croatia
Mislav Oršić,"FW,MF",28,2,0,14,0.2,0,0,0,0,0,0,0,0,0,0,0,0,Croatia
Andrej Kramarić,FW,29,1,1,90,1,0,0,0,0,0,0,0,0,0,0,0,0,Croatia
Bruno Petković,FW,26,5,5,415,4.6,4,1,4,0,0,1,0,0.87,0.22,1.08,0.87,1.08,Croatia
Karl-Johan Johnsson,GK,31,0,0,,,,,,,,,,,,,,,Sweden
Kristoffer Nordfeldt,GK,31,1,1,90,1,0,0,0,0,0,0,0,0,0,0,0,0,Sweden
Robin Olsen,GK,31,7,7,630,7,0,0,0,0,0,0,0,0,0,0,0,0,Sweden
Per Karlsson,DF,35,0,0,,,,,,,,,,,,,,,Sweden
Emil Krafth,DF,26,1,0,45,0.5,0,0,0,0,0,0,0,0,0,0,0,0,Sweden
Riccardo Gagliolo,DF,30,1,1,90,1,0,0,0,0,0,0,0,0,0,0,0,0,Sweden
Marcus Danielsson,DF,31,2,2,180,2,1,1,1,0,0,0,0,0.5,0.5,1,0.5,1,Sweden
Ludwig Augustinsson,DF,26,2,2,180,2,0,0,0,0,0,0,0,0,0,0,0,0,Sweden
Pontus Jansson,DF,29,3,3,270,3,0,0,0,0,0,1,0,0,0,0,0,0,Sweden
Filip Helander,DF,27,3,3,270,3,0,1,0,0,0,0,0,0,0.33,0.33,0,0.33,Sweden
Victor Lindelöf,DF,26,4,4,360,4,1,0,1,0,0,2,0,0.25,0,0.25,0.25,0.25,Sweden
Andreas Granqvist,DF,35,5,5,450,5,0,0,0,0,0,0,0,0,0,0,0,0,Sweden
Pierre Bengtsson,DF,32,5,5,450,5,0,1,0,0,0,0,0,0,0.2,0.2,0,0.2,Sweden
Mikael Lustig,DF,34,7,7,585,6.5,0,1,0,0,0,0,0,0,0.15,0.15,0,0.15,Sweden
Alexander Milošević,"DF,MF",29,0,0,,,,,,,,,,,,,,,Sweden
Niklas Hult,"DF,MF",30,0,0,,,,,,,,,,,,,,,Sweden
Gustav Svensson,"DF,MF",33,5,0,92,1,0,0,0,0,0,0,0,0,0,0,0,0,Sweden
Alexander Fransson,MF,26,0,0,,,,,,,,,,,,,,,Sweden
Jimmy Durmaz,MF,31,1,0,18,0.2,0,0,0,0,0,0,0,0,0,0,0,0,Sweden
Jakob Johansson,MF,30,1,0,64,0.7,0,0,0,0,0,0,0,0,0,0,0,0,Sweden
Ken Sema,MF,27,1,1,64,0.7,0,0,0,0,0,0,0,0,0,0,0,0,Sweden
Muamer Tanković,MF,25,1,1,90,1,0,0,0,0,0,0,0,0,0,0,0,0,Sweden
Mattias Svanberg,MF,22,1,1,90,1,1,1,1,0,0,1,0,1,1,2,1,2,Sweden
Viktor Claesson,MF,29,2,2,116,1.3,1,0,1,0,0,0,0,0.78,0,0.78,0.78,0.78,Sweden
Seb Larsson,MF,35,7,6,505,5.6,2,2,0,2,2,2,0,0.36,0.36,0.71,0,0.36,Sweden
Emil Forsberg,MF,29,6,6,540,6,1,1,1,0,0,0,0,0.17,0.17,0.33,0.17,0.33,Sweden
Albin Ekdal,MF,31,7,7,541,6,0,1,0,0,0,1,0,0,0.17,0.17,0,0.17,Sweden
Kristoffer Olsson,MF,25,8,7,635,7.1,0,0,0,0,0,1,0,0,0,0,0,0,Sweden
Dejan Kulusevski,"FW,MF",20,1,0,26,0.3,0,0,0,0,0,0,0,0,0,0,0,0,Sweden
Robin Quaison,"FW,MF",27,7,7,576,6.4,3,1,3,0,0,1,0,0.47,0.16,0.62,0.47,0.62,Sweden
John Guidetti,FW,28,2,0,32,0.4,1,0,1,0,0,0,0,2.81,0,2.81,2.81,2.81,Sweden
Sebastian Andersson,FW,29,4,1,91,1,1,0,1,0,0,0,0,0.99,0,0.99,0.99,0.99,Sweden
Alexander Isak,FW,21,8,3,335,3.7,3,0,3,0,0,0,0,0.81,0,0.81,0.81,0.81,Sweden
Marcus Berg,FW,34,7,6,505,5.6,2,2,2,0,0,1,0,0.36,0.36,0.71,0.36,0.71,Sweden
Dušan Kuciak,GK,35,0,0,,,,,,,,,,,,,,,Slovakia
Matúš Kozáčik,GK,37,0,0,,,,,,,,,,,,,,,Slovakia
Adam Jakubech,GK,24,0,0,,,,,,,,,,,,,,,Slovakia
Dominik Holec,GK,26,0,0,,,,,,,,,,,,,,,Slovakia
Dominik Greif,GK,23,0,0,,,,,,,,,,,,,,,Slovakia
Marek Rodák,GK,24,2,2,240,2.7,0,0,0,0,0,1,0,0,0,0,0,0,Slovakia
Martin Dúbravka,GK,32,7,7,630,7,0,0,0,0,0,1,0,0,0,0,0,0,Slovakia
Lukáš Štetina,DF,29,0,0,,,,,,,,,,,,,,,Slovakia
Lukáš Pauschek,DF,28,0,0,,,,,,,,,,,,,,,Slovakia
Branislav Niňaj,DF,26,0,0,,,,,,,,,,,,,,,Slovakia
Róbert Mazáň,DF,26,1,1,120,1.3,0,0,0,0,0,0,0,0,0,0,0,0,Slovakia
Tomáš Hubočan,DF,35,1,1,120,1.3,0,0,0,0,0,0,0,0,0,0,0,0,Slovakia
Norbert Gyömbér,DF,28,4,2,189,2.1,0,0,0,0,0,2,1,0,0,0,0,0,Slovakia
Martin Valjent,DF,25,2,2,210,2.3,0,0,0,0,0,0,0,0,0,0,0,0,Slovakia
Ľubomír Šatka,DF,25,2,2,210,2.3,0,0,0,0,0,1,0,0,0,0,0,0,Slovakia
Denis Vavro,DF,24,6,6,561,6.2,0,1,0,0,0,2,0,0,0.16,0.16,0,0.16,Slovakia
Dávid Hancko,DF,23,7,7,630,7,1,0,1,0,0,0,0,0.14,0,0.14,0.14,0.14,Slovakia
Peter Pekarík,DF,34,7,7,689,7.7,0,0,0,0,0,0,0,0,0,0,0,0,Slovakia
Milan Škriniar,DF,25,8,8,750,8.3,0,0,0,0,0,1,0,0,0,0,0,0,Slovakia
Tomáš Suslov,MF,18,0,0,,,,,,,,,,,,,,,Slovakia
Nikolas Špalek,MF,23,0,0,,,,,,,,,,,,,,,Slovakia
Martin Koscelník,MF,25,0,0,,,,,,,,,,,,,,,Slovakia
Martin Chrien,MF,25,0,0,,,,,,,,,,,,,,,Slovakia
László Bénes,MF,23,0,0,,,,,,,,,,,,,,,Slovakia
Ján Greguš,MF,30,4,0,64,0.7,0,0,0,0,0,0,0,0,0,0,0,0,Slovakia
Patrik Hrošovský,MF,28,3,1,188,2.1,0,0,0,0,0,0,0,0,0,0,0,0,Slovakia
Stanislav Lobotka,MF,26,8,8,687,7.6,1,2,1,0,0,1,0,0.13,0.26,0.39,0.13,0.39,Slovakia
Juraj Kucka,MF,33,9,9,783,8.7,3,1,3,0,0,1,0,0.34,0.11,0.46,0.34,0.46,Slovakia
Marek Hamšík,MF,33,9,9,849,9.4,3,1,3,0,0,2,0,0.32,0.11,0.42,0.32,0.42,Slovakia
Ivan Schranz,"FW,MF",27,0,0,,,,,,,,,,,,,,,Slovakia
Miroslav Stoch,"FW,MF",31,1,0,22,0.2,0,0,0,0,0,1,0,0,0,0,0,0,Slovakia
Michal Ďuriš,"FW,MF",32,6,0,147,1.6,1,0,1,0,0,1,0,0.61,0,0.61,0.61,0.61,Slovakia
Róbert Mak,"FW,MF",29,8,7,563,6.3,1,1,1,0,0,3,1,0.16,0.16,0.32,0.16,0.32,Slovakia
Albert Rusnák,"FW,MF",26,8,8,669,7.4,0,0,0,0,0,0,0,0,0,0,0,0,Slovakia
Pavol Šafranko,FW,26,2,0,6,0.1,0,0,0,0,0,0,0,0,0,0,0,0,Slovakia
Samuel Mráz,FW,23,2,0,50,0.6,0,0,0,0,0,0,0,0,0,0,0,0,Slovakia
Jaroslav Mihalík,FW,26,1,1,73,0.8,0,0,0,0,0,0,0,0,0,0,0,0,Slovakia
Matúš Bero,FW,25,1,1,90,1,0,0,0,0,0,0,0,0,0,0,0,0,Slovakia
Lukáš Haraslín,FW,24,7,1,195,2.2,0,0,0,0,0,1,0,0,0,0,0,0,Slovakia
Ondrej Duda,FW,26,6,4,370,4.1,0,1,0,0,0,2,0,0,0.24,0.24,0,0.24,Slovakia
Róbert Boženík,FW,21,7,5,437,4.9,3,0,3,0,0,0,0,0.62,0,0.62,0.62,0.62,Slovakia
Łukasz Skorupski,GK,29,0,0,,,,,,,,,,,,,,,Poland
Radosław Majecki,GK,21,0,0,,,,,,,,,,,,,,,Poland
Rafał Gikiewicz,GK,33,0,0,,,,,,,,,,,,,,,Poland
Wojciech Szczęsny,GK,30,4,4,360,4,0,0,0,0,0,0,0,0,0,0,0,0,Poland
Łukasz Fabiański,GK,35,4,4,360,4,0,0,0,0,0,0,0,0,0,0,0,0,Poland
Marcin Kamiński,DF,29,0,0,,,,,,,,,,,,,,,Poland
Robert Gumny,DF,22,0,0,,,,,,,,,,,,,,,Poland
Thiago Cionek,DF,34,0,0,,,,,,,,,,,,,,,Poland
Artur Jędrzejczyk,DF,33,1,0,84,0.9,0,1,0,0,0,0,0,0,1.07,1.07,0,1.07,Poland
Łukasz Piszczek,DF,35,1,1,44,0.5,0,0,0,0,0,0,0,0,0,0,0,0,Poland
Michał Pazdan,DF,33,1,1,90,1,0,0,0,0,0,0,0,0,0,0,0,0,Poland
Maciej Rybus,DF,31,2,1,101,1.1,0,0,0,0,0,0,0,0,0,0,0,0,Poland
Arkadiusz Reca,DF,25,4,3,281,3.1,0,0,0,0,0,2,0,0,0,0,0,0,Poland
Bartosz Bereszyński,DF,28,5,5,450,5,0,0,0,0,0,1,0,0,0,0,0,0,Poland
Tomasz Kędziora,DF,26,7,6,586,6.5,0,1,0,0,0,1,0,0,0.15,0.15,0,0.15,Poland
Kamil Glik,DF,32,7,7,546,6.1,0,0,0,0,0,1,0,0,0,0,0,0,Poland
Jan Bednarek,DF,24,8,8,720,8,0,0,0,0,0,2,0,0,0,0,0,0,Poland
Damian Szymański,MF,25,0,0,,,,,,,,,,,,,,,Poland
Karol Linetty,MF,25,0,0,,,,,,,,,,,,,,,Poland
Kamil Jóźwiak,MF,22,1,0,5,0.1,0,0,0,0,0,0,0,0,0,0,0,0,Poland
Dominik Furman,MF,28,1,0,7,0.1,0,0,0,0,0,0,0,0,0,0,0,0,Poland
Damian Kądzior,MF,28,1,0,14,0.2,1,0,1,0,0,0,0,6.43,0,6.43,6.43,6.43,Poland
Jakub Błaszczykowski,MF,35,2,0,40,0.4,0,0,0,0,0,0,0,0,0,0,0,0,Poland
Przemysław Frankowski,MF,25,4,2,167,1.9,1,0,1,0,0,0,0,0.54,0,0.54,0.54,0.54,Poland
Jacek Góralski,MF,28,4,2,197,2.2,1,0,1,0,0,0,0,0.46,0,0.46,0.46,0.46,Poland
Krystian Bielik,MF,23,3,2,201,2.2,0,0,0,0,0,2,0,0,0,0,0,0,Poland
Sebastian Szymański,MF,21,5,4,325,3.6,1,1,1,0,0,1,0,0.28,0.28,0.55,0.28,0.55,Poland
Mateusz Klich,MF,30,6,4,326,3.6,0,0,0,0,0,2,0,0,0,0,0,0,Poland
Kamil Grosicki,MF,32,7,7,520,5.8,1,3,1,0,0,0,0,0.17,0.52,0.69,0.17,0.69,Poland
Grzegorz Krychowiak,MF,31,8,8,713,7.9,1,0,1,0,0,3,0,0.13,0,0.13,0.13,0.13,Poland
Piotr Zieliński,MF,26,8,8,719,8,0,1,0,0,0,0,0,0,0.13,0.13,0,0.13,Poland
Arkadiusz Milik,FW,26,2,0,41,0.5,1,0,1,0,0,0,0,2.2,0,2.2,2.2,2.2,Poland
Dawid Kownacki,FW,23,2,1,72,0.8,0,0,0,0,0,0,0,0,0,0,0,0,Poland
Krzysztof Piątek,FW,25,6,3,293,3.3,3,0,3,0,0,0,0,0.92,0,0.92,0.92,0.92,Poland
Robert Lewandowski,FW,32,8,7,658,7.3,5,2,4,1,1,0,0,0.68,0.27,0.96,0.55,0.82,Poland
Pau López,GK,26,1,1,90,1,0,0,0,0,0,0,0,0,0,0,0,0,Spain
David de Gea,GK,30,2,2,149,1.7,0,0,0,0,0,0,0,0,0,0,0,0,Spain
Kepa Arrizabalaga,GK,26,7,6,571,6.3,0,0,0,0,0,2,0,0,0,0,0,0,Spain
Sergio Reguilón,DF,24,0,0,,,,,,,,,,,,,,,Spain
Sergi Gómez,DF,28,0,0,,,,,,,,,,,,,,,Spain
Unai Núñez,DF,24,1,0,7,0.1,0,0,0,0,0,0,0,0,0,0,0,0,Spain
Pau Torres,DF,24,1,0,30,0.3,1,0,1,0,0,0,0,3,0,3,3,3,Spain
Diego Llorente,DF,27,3,1,126,1.4,0,0,0,0,0,0,1,0,0,0,0,0,Spain
Jordi Alba,DF,31,2,2,180,2,0,1,0,0,0,1,0,0,0.5,0.5,0,0.5,Spain
Iñigo Martínez,DF,29,4,3,270,3,0,0,0,0,0,0,0,0,0,0,0,0,Spain
Mario Hermoso,DF,25,4,3,277,3.1,0,1,0,0,0,0,0,0,0.32,0.32,0,0.32,Spain
Raúl Albiol,DF,35,4,3,298,3.3,0,0,0,0,0,0,0,0,0,0,0,0,Spain
Dani Carvajal,DF,29,4,4,350,3.9,0,0,0,0,0,0,0,0,0,0,0,0,Spain
José Luis Gayà,DF,25,4,4,360,4,1,2,1,0,0,0,0,0.25,0.5,0.75,0.25,0.75,Spain
Jesús Navas,DF,35,6,4,396,4.4,2,1,2,0,0,1,0,0.45,0.23,0.68,0.45,0.68,Spain
Sergio Ramos,DF,34,8,8,610,6.8,3,0,1,2,2,3,0,0.44,0,0.44,0.15,0.15,Spain
Sergi Roberto,"MF,DF",28,2,2,180,2,0,0,0,0,0,0,0,0,0,0,0,0,Spain
Juan Bernat,"DF,FW",27,4,4,322,3.6,0,1,0,0,0,0,0,0,0.28,0.28,0,0.28,Spain
Sergio Canales,MF,29,1,1,90,1,0,0,0,0,0,0,0,0,0,0,0,0,Spain
Daniel Parejo,MF,31,2,2,180,2,0,0,0,0,0,0,0,0,0,0,0,0,Spain
Thiago Alcántara,MF,29,3,3,245,2.7,0,3,0,0,0,1,0,0,1.1,1.1,0,1.1,Spain
Saúl Ñíguez,MF,26,4,4,334,3.7,1,0,1,0,0,1,0,0.27,0,0.27,0.27,0.27,Spain
Sergio Busquets,MF,32,4,4,360,4,0,2,0,0,0,2,0,0,0.5,0.5,0,0.5,Spain
Rodri,MF,24,6,5,463,5.1,0,0,0,0,0,1,0,0,0,0,0,0,Spain
Fabián Ruiz Peña,MF,24,6,5,467,5.2,1,1,1,0,0,2,0,0.19,0.19,0.39,0.19,0.39,Spain
Santi Cazorla,"MF,FW",36,4,3,236,2.6,1,1,1,0,0,0,0,0.38,0.38,0.76,0.38,0.76,Spain
Luis Alberto,"FW,MF",28,0,0,,,,,,,,,,,,,,,Spain
Dani Olmo,"FW,MF",22,1,0,25,0.3,1,0,1,0,0,0,0,3.6,0,3.6,3.6,3.6,Spain
Iker Muniain,"FW,MF",28,1,0,35,0.4,0,0,0,0,0,0,0,0,0,0,0,0,Spain
Jaime Mata,FW,32,0,0,,,,,,,,,,,,,,,Spain
Iago Aspas,FW,33,1,1,55,0.6,0,1,0,0,0,0,0,0,1.64,1.64,0,1.64,Spain
Suso,FW,27,1,1,67,0.7,0,0,0,0,0,0,0,0,0,0,0,0,Spain
Pablo Sarabia,FW,28,3,1,128,1.4,1,0,1,0,0,0,0,0.7,0,0.7,0.7,0.7,Spain
Paco Alcácer,FW,27,4,1,175,1.9,3,1,3,0,0,0,0,1.54,0.51,2.06,1.54,2.06,Spain
Isco,FW,28,2,2,163,1.8,0,1,0,0,0,0,0,0,0.55,0.55,0,0.55,Spain
Marco Asensio,FW,25,3,2,189,2.1,0,1,0,0,0,0,0,0,0.48,0.48,0,0.48,Spain
Dani Ceballos,FW,24,3,3,228,2.5,0,0,0,0,0,1,0,0,0,0,0,0,Spain
Gerard Moreno,FW,28,3,3,236,2.6,3,3,3,0,0,0,0,1.14,1.14,2.29,1.14,2.29,Spain
Mikel Oyarzabal,FW,23,6,3,300,3.3,2,0,2,0,0,0,0,0.6,0,0.6,0.6,0.6,Spain
Álvaro Morata,FW,28,5,4,349,3.9,4,0,3,1,1,0,0,1.03,0,1.03,0.77,0.77,Spain
Rodrigo,FW,29,6,4,357,4,3,0,3,0,0,1,0,0.76,0,0.76,0.76,0.76,Spain
José Sá,GK,28,0,0,,,,,,,,,,,,,,,Portugal
Beto,GK,38,0,0,,,,,,,,,,,,,,,Portugal
Rui Patrício,GK,32,6,6,540,6,0,0,0,0,0,0,0,0,0,0,0,0,Portugal
Francisco Reis Ferreira,DF,23,0,0,,,,,,,,,,,,,,,Portugal
Domingos Duarte,DF,25,0,0,,,,,,,,,,,,,,,Portugal
Mário Rui,DF,29,1,1,90,1,0,0,0,0,0,0,0,0,0,0,0,0,Portugal
João Cancelo,DF,26,2,1,116,1.3,0,0,0,0,0,0,0,0,0,0,0,0,Portugal
Ricardo Pereira,DF,27,2,2,180,2,0,1,0,0,0,0,0,0,0.5,0.5,0,0.5,Portugal
Pepe,DF,37,2,2,180,2,0,0,0,0,0,1,0,0,0,0,0,0,Portugal
Nélson Semedo,DF,27,3,3,244,2.7,0,0,0,0,0,0,0,0,0,0,0,0,Portugal
José Fonte,DF,37,4,4,360,4,0,0,0,0,0,0,0,0,0,0,0,0,Portugal
Raphaël Guerreiro,DF,27,5,5,450,5,0,1,0,0,0,0,0,0,0.2,0.2,0,0.2,Portugal
Rúben Dias,DF,23,6,6,540,6,0,1,0,0,0,2,0,0,0.17,0.17,0,0.17,Portugal
Rúben Semedo,"DF,MF",26,0,0,,,,,,,,,,,,,,,Portugal
Daniel Carriço,"DF,MF",32,0,0,,,,,,,,,,,,,,,Portugal
Renato Sanches,MF,23,0,0,,,,,,,,,,,,,,,Portugal
André Gomes,MF,27,0,0,,,,,,,,,,,,,,,Portugal
João Mário,MF,28,2,1,70,0.8,0,0,0,0,0,0,0,0,0,0,0,0,Portugal
Pizzi,MF,31,3,2,153,1.7,1,0,1,0,0,0,0,0.59,0,0.59,0.59,0.59,Portugal
William Carvalho,MF,28,2,2,180,2,2,0,2,0,0,1,0,1,0,1,1,1,Portugal
Rúben Neves,MF,23,4,2,182,2,0,0,0,0,0,0,0,0,0,0,0,0,Portugal
João Moutinho,MF,34,5,2,198,2.2,0,0,0,0,0,0,0,0,0,0,0,0,Portugal
Danilo Pereira,MF,29,4,4,360,4,0,0,0,0,0,0,0,0,0,0,0,0,Portugal
Bruno Fernandes,MF,26,6,5,424,4.7,1,1,1,0,0,0,0,0.21,0.21,0.42,0.21,0.42,Portugal
Gonçalo Guedes,"MF,FW",24,4,2,140,1.6,2,0,2,0,0,0,0,1.29,0,1.29,1.29,1.29,Portugal
Bernardo Silva,"MF,FW",26,6,6,499,5.5,3,6,3,0,0,1,0,0.54,1.08,1.62,0.54,1.62,Portugal
Daniel Podence,"FW,MF",25,0,0,,,,,,,,,,,,,,,Portugal
Diogo Jota,"FW,MF",24,2,0,28,0.3,0,1,0,0,0,0,0,0,3.21,3.21,0,3.21,Portugal
Rafa Silva,"FW,MF",27,1,0,35,0.4,0,1,0,0,0,0,0,0,2.57,2.57,0,2.57,Portugal
Bruma,"FW,MF",26,2,0,48,0.5,0,0,0,0,0,0,0,0,0,0,0,0,Portugal
Cristiano Ronaldo,"FW,MF",35,6,6,520,5.8,11,0,8,3,3,0,0,1.9,0,1.9,1.38,1.38,Portugal
Éder,FW,33,0,0,,,,,,,,,,,,,,,Portugal
André Silva,FW,25,1,1,70,0.8,0,0,0,0,0,0,0,0,0,0,0,0,Portugal
Gonçalo Paciência,FW,26,1,1,90,1,1,1,1,0,0,0,0,1,1,2,1,2,Portugal
João Félix,FW,21,4,2,243,2.7,0,0,0,0,0,0,0,0,0,0,0,0,Portugal
Sven Ulreich,GK,32,0,0,,,,,,,,,,,,,,,Germany
Kevin Trapp,GK,30,0,0,,,,,,,,,,,,,,,Germany
Bernd Leno,GK,28,0,0,,,,,,,,,,,,,,,Germany
Marc-André ter Stegen,GK,28,1,1,90,1,0,0,0,0,0,0,0,0,0,0,0,0,Germany
Manuel Neuer,GK,34,6,6,540,6,0,0,0,0,0,0,0,0,0,0,0,0,Germany
Robin Koch,DF,24,1,1,90,1,0,0,0,0,0,1,0,0,0,0,0,0,Germany
Thilo Kehrer,DF,24,1,1,90,1,0,1,0,0,0,0,0,0,1,1,0,1,Germany
Jonas Hector,DF,30,1,1,90,1,0,2,0,0,0,0,0,0,2,2,0,2,Germany
Emre Can,DF,27,3,2,109,1.2,0,0,0,0,0,0,1,0,0,0,0,0,Germany
Marcel Halstenberg,DF,29,3,2,225,2.5,1,1,1,0,0,0,0,0.4,0.4,0.8,0.4,0.8,Germany
Jonathan Tah,DF,24,4,3,321,3.6,0,0,0,0,0,0,0,0,0,0,0,0,Germany
Matthias Ginter,DF,27,5,5,392,4.4,1,2,1,0,0,0,0,0.23,0.46,0.69,0.23,0.69,Germany
Niklas Süle,DF,25,5,5,450,5,0,0,0,0,0,0,0,0,0,0,0,0,Germany
Niklas Stark,"DF,MF",25,1,0,26,0.3,0,0,0,0,0,0,0,0,0,0,0,0,Germany
Nico Schulz,"DF,MF",27,4,4,315,3.5,0,0,0,0,0,0,0,0,0,0,0,0,Germany
Lukas Klostermann,"DF,MF",24,6,6,514,5.7,0,2,0,0,0,0,0,0,0.35,0.35,0,0.35,Germany
Sebastian Rudy,MF,30,1,0,1,0,0,0,0,0,0,0,0,0,0,0,0,0,Germany
Nadiem Amiri,MF,24,2,0,15,0.2,0,0,0,0,0,0,0,0,0,0,0,0,Germany
Suat Serdar,MF,23,2,0,32,0.4,0,0,0,0,0,0,0,0,0,0,0,0,Germany
Kai Havertz,MF,21,3,1,143,1.6,0,2,0,0,0,0,0,0,1.26,1.26,0,1.26,Germany
Leroy Sané,MF,25,2,2,180,2,2,1,2,0,0,0,0,1,0.5,1.5,1,1.5,Germany
Julian Brandt,MF,24,6,3,310,3.4,1,1,1,0,0,0,0,0.29,0.29,0.58,0.29,0.58,Germany
Toni Kroos,MF,31,4,4,360,4,3,2,2,1,1,0,0,0.75,0.5,1.25,0.5,1,Germany
İlkay Gündoğan,MF,30,6,5,432,4.8,3,2,2,1,1,0,0,0.62,0.42,1.04,0.42,0.83,Germany
Joshua Kimmich,MF,25,7,7,630,7,0,2,0,0,0,1,0,0,0.29,0.29,0,0.29,Germany
Leon Goretzka,"MF,FW",25,4,3,262,2.9,4,0,4,0,0,0,0,1.37,0,1.37,1.37,1.37,Germany
Julian Draxler,"FW,MF",27,2,0,58,0.6,0,2,0,0,0,0,0,0,3.1,3.1,0,3.1,Germany
Marco Reus,"FW,MF",31,5,5,359,4,3,1,3,0,0,0,0,0.75,0.25,1,0.75,1,Germany
Serge Gnabry,"FW,MF",25,6,6,503,5.6,7,1,7,0,0,1,0,1.25,0.18,1.43,1.25,1.43,Germany
Luca Waldschmidt,FW,24,2,1,71,0.8,0,0,0,0,0,0,0,0,0,0,0,0,Germany
Timo Werner,FW,24,5,3,245,2.7,2,0,2,0,0,0,0,0.73,0,0.73,0.73,0.73,Germany
Ádám Kovácsik,GK,29,0,0,,,,,,,,,,,,,,,Hungary
Lajos Hegedűs,GK,33,0,0,,,,,,,,,,,,,,,Hungary
Dénes Dibusz,GK,30,0,0,,,,,,,,,,,,,,,Hungary
Péter Gulácsi,GK,30,8,8,720,8,0,0,0,0,0,0,0,0,0,0,0,0,Hungary
Paulo Vinícius,DF,30,0,0,,,,,,,,,,,,,,,Hungary
Bence Pávkovics,DF,23,0,0,,,,,,,,,,,,,,,Hungary
Zsolt Nagy,DF,27,1,1,90,1,0,0,0,0,0,0,0,0,0,0,0,0,Hungary
Endre Botka,DF,26,2,1,99,1.1,0,0,0,0,0,0,0,0,0,0,0,0,Hungary
Tamás Kádár,DF,30,2,2,135,1.5,0,0,0,0,0,0,0,0,0,0,0,0,Hungary
Attila Szalai,DF,23,2,2,180,2,0,0,0,0,0,1,0,0,0,0,0,0,Hungary
Ádám Lang,DF,28,3,2,225,2.5,0,0,0,0,0,1,0,0,0,0,0,0,Hungary
Mihály Korhut,DF,32,4,4,360,4,1,0,1,0,0,2,0,0.25,0,0.25,0.25,0.25,Hungary
Botond Baráth,DF,28,5,5,449,5,0,1,0,0,0,2,1,0,0.2,0.2,0,0.2,Hungary
Gergő Lovrencsics,DF,32,7,6,509,5.7,0,0,0,0,0,2,0,0,0,0,0,0,Hungary
Willi Orban,DF,28,7,7,630,7,3,0,3,0,0,0,0,0.43,0,0.43,0.43,0.43,Hungary
Loïc Nego,"DF,MF",30,2,0,28,0.3,1,0,1,0,0,0,0,3.21,0,3.21,3.21,3.21,Hungary
Norbert Könyves,"DF,FW",31,1,0,7,0.1,0,0,0,0,0,0,0,0,0,0,0,0,Hungary
Barnabás Bese,"DF,FW",26,2,0,69,0.8,0,0,0,0,0,0,0,0,0,0,0,0,Hungary
Kevin Varga,MF,24,0,0,,,,,,,,,,,,,,,Hungary
András Schäfer,MF,21,0,0,,,,,,,,,,,,,,,Hungary
János Ferenczi,MF,29,0,0,,,,,,,,,,,,,,,Hungary
Tamás Cseri,MF,33,0,0,,,,,,,,,,,,,,,Hungary
Dániel Gazdag,MF,24,1,0,9,0.1,0,0,0,0,0,1,0,0,0,0,0,0,Hungary
Szilveszter Hangya,MF,27,1,0,21,0.2,0,1,0,0,0,0,0,0,4.29,4.29,0,4.29,Hungary
István Kovács,MF,28,2,1,116,1.3,0,0,0,0,0,1,0,0,0,0,0,0,Hungary
Dávid Sigér,MF,30,3,1,125,1.4,0,1,0,0,0,0,0,0,0.72,0.72,0,0.72,Hungary
Dávid Holman,MF,27,3,1,138,1.5,1,0,1,0,0,0,0,0.65,0,0.65,0.65,0.65,Hungary
Dominik Nagy,MF,25,3,1,141,1.6,0,0,0,0,0,0,0,0,0,0,0,0,Hungary
Zsolt Kalmár,MF,25,2,2,129,1.4,1,1,1,0,0,0,0,0.7,0.7,1.4,0.7,1.4,Hungary
Attila Fiola,MF,30,2,2,141,1.6,0,0,0,0,0,0,0,0,0,0,0,0,Hungary
Máté Vida,MF,24,2,2,180,2,0,0,0,0,0,0,0,0,0,0,0,0,Hungary
Máté Pátkai,MF,32,4,2,225,2.5,1,0,1,0,0,3,0,0.4,0,0.4,0.4,0.4,Hungary
Filip Holender,MF,26,5,3,212,2.4,0,0,0,0,0,0,0,0,0,0,0,0,Hungary
László Kleinheisler,MF,26,4,3,231,2.6,0,1,0,0,0,3,1,0,0.39,0.39,0,0.39,Hungary
Balázs Dzsudzsák,MF,34,6,6,444,4.9,0,1,0,0,0,1,0,0,0.2,0.2,0,0.2,Hungary
Ádám Nagy,MF,25,6,6,467,5.2,0,0,0,0,0,2,0,0,0,0,0,0,Hungary
Dominik Szoboszlai,MF,20,6,6,484,5.4,2,0,2,0,0,2,0,0.37,0,0.37,0.37,0.37,Hungary
Roland Sallai,"MF,FW",23,6,6,517,5.7,0,0,0,0,0,0,0,0,0,0,0,0,Hungary
Roland Varga,"FW,MF",31,3,0,66,0.7,0,0,0,0,0,0,0,0,0,0,0,0,Hungary
Róbert Feczesin,FW,34,0,0,,,,,,,,,,,,,,,Hungary
Krisztián Németh,FW,32,1,0,5,0.1,0,0,0,0,0,1,0,0,0,0,0,0,Hungary
Nemanja Nikolić,FW,33,2,0,51,0.6,1,0,1,0,0,0,0,1.76,0,1.76,1.76,1.76,Hungary
Ádám Szalai,FW,33,8,8,681,7.6,0,0,0,0,0,1,0,0,0,0,0,0,Hungary
Mike Maignan,GK,25,0,0,,,,,,,,,,,,,,,France
Alphonse Areola,GK,27,0,0,,,,,,,,,,,,,,,France
Steve Mandanda,GK,35,4,4,360,4,0,0,0,0,0,0,0,0,0,0,0,0,France
Hugo Lloris,GK,34,4,4,360,4,0,0,0,0,0,0,0,0,0,0,0,0,France
Kurt Zouma,DF,26,1,1,90,1,1,0,1,0,0,1,0,1,0,1,1,1,France
Samuel Umtiti,DF,27,1,1,90,1,0,0,0,0,0,1,0,0,0,0,0,0,France
Presnel Kimpembe,DF,25,1,1,90,1,0,0,0,0,0,0,0,0,0,0,0,0,France
Ferland Mendy,DF,25,2,1,135,1.5,0,0,0,0,0,0,0,0,0,0,0,0,France
Lucas Hernández,DF,24,2,2,169,1.9,0,1,0,0,0,1,0,0,0.53,0.53,0,0.53,France
Lucas Digne,DF,27,6,4,342,3.8,0,0,0,0,0,1,0,0,0,0,0,0,France
Benjamin Pavard,DF,24,6,5,453,5,0,0,0,0,0,1,0,0,0,0,0,0,France
Raphaël Varane,DF,27,7,7,630,7,1,1,1,0,0,0,0,0.14,0.14,0.29,0.14,0.29,France
Clément Lenglet,DF,25,7,7,630,7,1,0,1,0,0,1,0,0.14,0,0.14,0.14,0.14,France
Djibril Sidibé,"DF,MF",28,0,0,,,,,,,,,,,,,,,France
Leo Dubois,"DF,MF",26,3,3,267,3,0,1,0,0,0,0,0,0,0.34,0.34,0,0.34,France
Steven Nzonzi,MF,32,0,0,,,,,,,,,,,,,,,France
Mattéo Guendouzi,MF,21,0,0,,,,,,,,,,,,,,,France
Tanguy Ndombele,MF,24,1,1,63,0.7,0,0,0,0,0,0,0,0,0,0,0,0,France
Benjamin Mendy,MF,26,1,1,74,0.8,0,0,0,0,0,0,0,0,0,0,0,0,France
Florian Thauvin,MF,28,1,1,80,0.9,1,1,1,0,0,0,0,1.13,1.13,2.25,1.13,2.25,France
Jonathan Ikone,MF,22,4,1,83,0.9,1,1,1,0,0,0,0,1.08,1.08,2.17,1.08,2.17,France
N'Golo Kanté,MF,29,1,1,90,1,0,0,0,0,0,0,0,0,0,0,0,0,France
Thomas Lemar,MF,25,5,1,139,1.5,0,0,0,0,0,0,0,0,0,0,0,0,France
Paul Pogba,MF,27,2,2,180,2,0,0,0,0,0,1,0,0,0,0,0,0,France
Blaise Matuidi,MF,33,4,4,300,3.3,0,0,0,0,0,0,0,0,0,0,0,0,France
Moussa Sissoko,MF,31,6,5,477,5.3,0,0,0,0,0,0,0,0,0,0,0,0,France
Corentin Tolisso,MF,26,6,6,540,6,1,0,1,0,0,1,0,0.17,0,0.17,0.17,0.17,France
Kylian Mbappé,"MF,FW",22,3,3,270,3,1,1,1,0,0,0,0,0.33,0.33,0.67,0.33,0.67,France
Kingsley Coman,"MF,FW",24,6,5,465,5.2,3,0,3,0,0,1,0,0.58,0,0.58,0.58,0.58,France
Antoine Griezmann,"MF,FW",29,8,8,720,8,1,5,1,0,2,1,0,0.12,0.62,0.75,0.12,0.75,France
Alassane Pléa,"FW,MF",27,0,0,,,,,,,,,,,,,,,France
Nabil Fekir,"FW,MF",27,3,0,19,0.2,0,2,0,0,0,0,0,0,9.47,9.47,0,9.47,France
Wissam Ben Yedder,FW,30,6,3,278,3.1,2,0,2,0,0,0,0,0.65,0,0.65,0.65,0.65,France
Olivier Giroud,FW,34,8,6,526,5.8,4,0,2,2,2,1,0,0.68,0,0.68,0.34,0.34,France