Player,Pos,Age,90s,Goals,Shots,Shots on target,Shots on target %,Shots per 90 minutes,Shots on target per 90 minutes,Goal per shot,Goals per shot on target,PK,PKatt,Team
Pierluigi Gollini,GK,25,0,0,0,0,,0,0,,,0,0,Italy
Alex Meret,GK,23,0.2,0,0,0,,0,0,,,0,0,Italy
Salvatore Sirigu,GK,34,3.8,0,0,0,,0,0,,,0,0,Italy
Gianluigi Donnarumma,GK,21,4,0,0,0,,0,0,,,0,0,Italy
Mattia De Sciglio,DF,28,0.5,0,2,1,50,3.75,1.87,0,0,0,0,Italy
Leonardo Spinazzola,DF,27,1,0,1,0,0,1,0,0,,0,0,Italy
Danilo D'Ambrosio,DF,32,1,0,1,0,0,1,0,0,,0,0,Italy
Armando Izzo,DF,28,1.2,0,1,1,100,0.8,0.8,0,0,0,0,Italy
Gianluca Mancini,DF,24,1.7,0,0,0,,0,0,,,0,0,Italy
Cristiano Biraghi,DF,28,2,0,1,1,100,0.51,0.51,0,0,0,0,Italy
Giovanni Di Lorenzo,DF,27,2,0,3,0,0,1.5,0,0,,0,0,Italy
Giorgio Chiellini,DF,36,2,0,3,2,66.7,1.5,1,0,0,0,0,Italy
Alessio Romagnoli,DF,26,3,2,3,2,66.7,1,0.67,0.67,1,0,0,Italy
Francesco Acerbi,DF,32,3,1,2,1,50,0.67,0.33,0.5,1,0,0,Italy
Alessandro Florenzi,DF,29,3.9,0,4,2,50,1.02,0.51,0,0,0,0,Italy
Emerson Palmieri,DF,26,3.8,0,1,0,0,0.26,0,0,,0,0,Italy
Leonardo Bonucci,DF,33,6.8,1,6,1,16.7,0.88,0.15,0.17,1,0,0,Italy
Gaetano Castrovilli,MF,23,0.1,0,0,0,,0,0,,,0,0,Italy
Bryan Cristante,MF,25,1,0,4,0,0,4,0,0,,0,0,Italy
Stefano Sensi,MF,25,1.2,0,6,1,16.7,4.82,0.8,0,0,0,0,Italy
Sandro Tonali,MF,20,2.2,0,0,0,,0,0,,,0,0,Italy
Marco Verratti,MF,28,4.9,1,2,1,50,0.41,0.2,0.5,1,0,0,Italy
Nicolò Barella,MF,23,6.2,2,10,5,50,1.61,0.81,0.2,0.4,0,0,Italy
Jorginho,MF,29,7,3,8,4,50,1.14,0.57,0,0,3,3,Italy
Nicolò Zaniolo,"MF,FW",21,1.7,2,6,3,50,3.46,1.73,0.33,0.67,0,0,Italy
Stephan El Shaarawy,"FW,MF",28,0.5,1,4,3,75,8.18,6.14,0.25,0.33,0,0,Italy
Riccardo Orsolini,"FW,MF",24,0.5,1,4,1,25,8,2,0.25,1,0,0,Italy
Kevin Lasagna,FW,28,0.1,0,0,0,,0,0,,,0,0,Italy
Fabio Quagliarella,FW,38,0.5,0,2,1,50,4,2,0,0,0,0,Italy
Vincenzo Grifo,FW,27,1,0,0,0,,0,0,,,0,0,Italy
Lorenzo Pellegrini,FW,24,1.4,1,6,2,33.3,4.15,1.38,0.17,0.5,0,0,Italy
Ciro Immobile,FW,30,2.7,3,13,6,46.2,4.81,2.22,0.23,0.5,0,0,Italy
Lorenzo Insigne,FW,29,3.9,3,19,9,47.4,4.82,2.28,0.16,0.33,0,0,Italy
Federico Bernardeschi,FW,26,4.3,2,18,9,50,4.2,2.1,0.11,0.22,0,0,Italy
Andrea Belotti,FW,27,4.3,5,14,8,57.1,3.22,1.84,0.36,0.63,0,0,Italy
Federico Chiesa,FW,23,4.4,1,13,4,30.8,2.97,0.91,0.08,0.25,0,0,Italy
Uğurcan Çakır,GK,24,1,0,0,0,,0,0,,,0,0,Turkey
Mert Günok,GK,31,7,0,0,0,,0,0,,,0,0,Turkey
Yıldırım Mert Çetin,DF,24,0.1,0,0,0,,0,0,,,0,0,Turkey
Ozan Kabak,DF,20,1,0,1,0,0,1,0,0,,0,0,Turkey
Hasan Ali Kaldırım,DF,31,2,0,0,0,,0,0,,,0,0,Turkey
Çağlar Söyüncü,DF,24,3.5,0,1,1,100,0.29,0.29,0,0,0,0,Turkey
Umut Meraş,DF,25,4.7,0,0,0,,0,0,,,0,0,Turkey
Kaan Ayhan,DF,26,5,2,3,2,66.7,0.6,0.4,0.67,1,0,0,Turkey
Zeki Çelik,DF,23,6.6,0,5,0,0,0.76,0,0,,0,0,Turkey
Merih Demiral,DF,22,7.9,0,6,2,33.3,0.76,0.25,0,0,0,0,Turkey
Abdülkadir Parmak,MF,26,0,0,0,0,,0,0,,,0,0,Turkey
Abdülkadir Ömür,MF,21,0.3,0,1,0,0,3.1,0,0,,0,0,Turkey
Berkay Özcan,MF,22,0.3,0,0,0,,0,0,,,0,0,Turkey
Güven Yalçın,MF,22,0.6,0,4,1,25,7.06,1.76,0,0,0,0,Turkey
Deniz Turuc,MF,28,1,1,3,1,33.3,3,1,0.33,1,0,0,Turkey
Nazim Sangaré,MF,26,1,0,0,0,,0,0,,,0,0,Turkey
Ömer Bayram,MF,29,1,0,1,1,100,0.99,0.99,0,0,0,0,Turkey
Okay Yokuşlu,MF,26,1.5,0,0,0,,0,0,,,0,0,Turkey
Emre Belözoğlu,MF,40,1.7,0,1,1,100,0.58,0.58,0,0,0,0,Turkey
Yusuf Yazıcı,MF,24,2.9,1,9,4,44.4,3.08,1.37,0.11,0.25,0,0,Turkey
Dorukhan Toköz,MF,24,2.9,1,4,1,25,1.39,0.35,0.25,1,0,0,Turkey
Kenan Karaman,MF,26,3.8,0,3,2,66.7,0.8,0.53,0,0,0,0,Turkey
Mahmut Tekdemir,MF,33,4,0,1,1,100,0.25,0.25,0,0,0,0,Turkey
İrfan Kahveci,MF,25,4.7,0,3,0,0,0.64,0,0,,0,0,Turkey
Ozan Tufan,MF,25,6.2,1,11,3,27.3,1.77,0.48,0.09,0.33,0,0,Turkey
Cengiz Ünder,"MF,FW",23,1.8,1,5,2,40,2.74,1.1,0.2,0.5,0,0,Turkey
Hakan Çalhanoğlu,"MF,FW",26,5.2,0,15,4,26.7,2.87,0.77,0,0,0,0,Turkey
Emre Kılınç,"FW,MF",26,0.2,0,0,0,,0,0,,,0,0,Turkey
Ahmed Kutucu,FW,20,0.9,0,1,0,0,1.07,0,0,,0,0,Turkey
Enes Ünal,FW,23,1,2,4,2,50,4,2,0.25,0.5,1,1,Turkey
Cenk Tosun,FW,29,3.1,3,19,7,36.8,6.11,2.25,0.16,0.43,0,0,Turkey
Burak Yılmaz,FW,35,5,0,11,4,36.4,2.2,0.8,0,0,0,0,Turkey
Yann Sommer,GK,32,7,0,0,0,,0,0,,,0,0,Switzerland
Eray Cömert,DF,22,0.3,0,0,0,,0,0,,,0,0,Switzerland
Renato Steffen,DF,29,1.4,0,4,0,0,2.86,0,0,,0,0,Switzerland
Fabian Schär,DF,29,5,1,12,1,8.3,2.4,0.2,0.08,1,0,0,Switzerland
Manuel Akanji,DF,25,5.7,0,4,2,50,0.7,0.35,0,0,0,0,Switzerland
Nico Elvedi,DF,24,6,0,3,1,33.3,0.5,0.17,0,0,0,0,Switzerland
Loris Benito,"MF,DF",29,1.7,1,9,2,22.2,5.26,1.17,0.11,0.5,0,0,Switzerland
Stephan Lichtsteiner,"MF,DF",37,3.5,0,2,0,0,0.57,0,0,,0,0,Switzerland
Ricardo Rodríguez,"MF,DF",28,7,1,19,11,57.9,2.73,1.58,0.05,0.09,0,1,Switzerland
Michel Aebischer,MF,24,0.1,0,0,0,,0,0,,,0,0,Switzerland
Djibril Sow,MF,23,0.4,0,1,0,0,2.31,0,0,,0,0,Switzerland
Steven Zuber,MF,29,1,1,5,1,20,5,1,0.2,1,0,0,Switzerland
Michael Lang,MF,29,1,0,2,1,50,2,1,0,0,0,0,Switzerland
Kevin Mbabu,MF,25,1.2,0,1,0,0,0.8,0,0,,0,0,Switzerland
Remo Freuler,MF,28,2.3,0,3,1,33.3,1.3,0.43,0,0,0,0,Switzerland
Edimilson Fernandes,MF,24,2.6,0,8,2,25,3.04,0.76,0,0,0,0,Switzerland
Denis Zakaria,MF,24,6.7,2,12,5,41.7,1.8,0.75,0.17,0.4,0,0,Switzerland
Granit Xhaka,MF,28,6.8,1,21,7,33.3,3.08,1.03,0.05,0.14,0,0,Switzerland
Ruben Vargas,"MF,FW",22,2,1,4,4,100,2.02,2.02,0.25,0.25,0,0,Switzerland
Albian Ajeti,"MF,FW",23,2.2,0,8,5,62.5,3.67,2.3,0,0,0,0,Switzerland
Breel Embolo,"MF,FW",23,4.4,0,8,1,12.5,1.8,0.23,0,0,0,0,Switzerland
Josip Drmić,FW,28,0,0,1,0,0,30,0,0,,0,0,Switzerland
Mario Gavranović,FW,31,1.1,1,5,1,20,4.74,0.95,0.2,1,0,0,Switzerland
Christian Fassnacht,FW,27,1.1,1,6,1,16.7,5.24,0.87,0.17,1,0,0,Switzerland
Cedric Itten,FW,24,1.2,3,13,4,30.8,10.64,3.27,0.23,0.75,0,0,Switzerland
Admir Mehmedi,FW,29,2.2,1,8,3,37.5,3.6,1.35,0.13,0.33,0,0,Switzerland
Haris Seferović,FW,28,3,1,11,2,18.2,3.67,0.67,0.09,0.5,0,0,Switzerland
Wayne Hennessey,GK,34,8,0,0,0,,0,0,,,0,0,Wales
Neil Taylor,DF,31,0.9,0,0,0,,0,0,,,0,0,Wales
Chris Gunter,DF,31,1,0,0,0,,0,0,,,0,0,Wales
Ashley Williams,DF,36,1.2,0,2,0,0,1.65,0,0,,0,0,Wales
Joe Rodon,DF,23,3,0,3,0,0,1,0,0,,0,0,Wales
James Lawrence,DF,28,3,0,0,0,,0,0,,,0,0,Wales
Tom Lockyer,DF,26,4,0,0,0,,0,0,,,0,0,Wales
Chris Mepham,DF,23,5,0,1,0,0,0.2,0,0,,0,0,Wales
Connor Roberts,DF,25,7,0,5,1,20,0.71,0.14,0,0,0,0,Wales
Ben Davies,DF,27,7.1,0,2,0,0,0.28,0,0,,0,0,Wales
Rabbi Matondo,MF,20,0.2,0,0,0,,0,0,,,0,0,Wales
Will Vaulks,MF,27,0.8,0,2,1,50,2.47,1.23,0,0,0,0,Wales
Aaron Ramsey,MF,30,1.3,2,5,3,60,3.72,2.23,0.4,0.67,0,0,Wales
David Brooks,MF,23,1.7,1,4,2,50,2.29,1.15,0.25,0.5,0,0,Wales
Jonny Williams,MF,27,1.8,0,0,0,,0,0,,,0,0,Wales
Tom Lawrence,MF,27,1.9,0,5,4,80,2.68,2.14,0,0,0,0,Wales
Matthew Smith,MF,21,2.1,0,1,0,0,0.47,0,0,,0,0,Wales
Joe Morrell,MF,24,2.4,0,1,1,100,0.42,0.42,0,0,0,0,Wales
Harry Wilson,MF,23,4.4,1,10,5,50,2.27,1.13,0.1,0.2,0,0,Wales
Ethan Ampadu,MF,20,4.3,0,0,0,,0,0,,,0,0,Wales
Joe Allen,MF,30,7,0,6,0,0,0.86,0,0,,0,0,Wales
Daniel James,MF,23,7.6,1,13,3,23.1,1.72,0.4,0.08,0.33,0,0,Wales
Gareth Bale,"MF,FW",31,7.6,2,27,12,44.4,3.54,1.57,0.07,0.17,0,0,Wales
Tyler Roberts,"FW,MF",22,0.4,0,1,0,0,2.5,0,0,,0,0,Wales
Sam Vokes,FW,31,0.3,0,0,0,,0,0,,,0,0,Wales
Kieffer Moore,FW,28,3.9,2,16,8,50,4.06,2.03,0.13,0.25,0,0,Wales
Jesse Joronen,GK,27,1,0,0,0,,0,0,,,0,0,Finland
Lukáš Hrádecký,GK,31,7,0,0,0,,0,0,,,0,0,Finland
Juha Pirinen,DF,29,1,0,0,0,,0,0,,,0,0,Finland
Leo Väisänen,DF,23,1.1,0,0,0,,0,0,,,0,0,Finland
Albin Granlund,DF,31,1.3,0,0,0,,0,0,,,0,0,Finland
Sauli Väisänen,DF,26,3.7,0,2,1,50,0.54,0.27,0,0,0,0,Finland
Paulus Arajuuri,DF,32,5.3,0,3,1,33.3,0.56,0.19,0,0,0,0,Finland
Jere Uronen,DF,26,6,0,1,0,0,0.17,0,0,,0,0,Finland
Jukka Raitala,DF,32,6.5,0,1,0,0,0.15,0,0,,0,0,Finland
Joona Toivio,DF,32,7.6,0,8,2,25,1.05,0.26,0,0,0,0,Finland
Thomas Lam,"DF,MF",27,0.4,0,0,0,,0,0,,,0,0,Finland
Rasmus Karjalainen,MF,24,0.1,0,1,0,0,6.92,0,0,,0,0,Finland
Petteri Forsell,MF,30,0.7,0,1,0,0,1.45,0,0,,0,0,Finland
Simon Skrabb,MF,26,1.9,0,3,1,33.3,1.56,0.52,0,0,0,0,Finland
Rasmus Schüller,MF,29,2.3,0,2,0,0,0.88,0,0,,0,0,Finland
Joni Kauko,MF,30,2.5,0,2,1,50,0.8,0.4,0,0,0,0,Finland
Lassi Lappalainen,MF,22,2.6,0,1,1,100,0.38,0.38,0,0,0,0,Finland
Pyry Soiri,MF,26,3.1,0,2,1,50,0.64,0.32,0,0,0,0,Finland
Tim Sparv,MF,33,4.2,0,8,4,50,1.89,0.95,0,0,0,0,Finland
Glen Kamara,MF,25,8,0,2,0,0,0.25,0,0,,0,0,Finland
Robin Lod,"MF,FW",27,8,0,15,4,26.7,1.87,0.5,0,0,0,0,Finland
Jasse Tuominen,"FW,MF",25,3.1,1,7,2,28.6,2.23,0.64,0.14,0.5,0,0,Finland
Joel Pohjanpalo,FW,26,0.9,1,2,1,50,2.17,1.08,0.5,1,0,0,Finland
Fredrik Jensen,FW,23,0.8,1,2,1,50,2.57,1.29,0.5,1,0,0,Finland
Benjamin Källman,FW,22,1,1,6,3,50,6,3,0.17,0.33,0,0,Finland
Teemu Pukki,FW,30,7.9,10,29,18,62.1,3.69,2.29,0.24,0.39,3,3,Finland
Anton Shunin,GK,34,1,0,0,0,,0,0,,,0,0,Russia
Guilherme Marinato,GK,35,7,0,0,0,,0,0,,,0,0,Russia
Vyacheslav Karavayev,DF,25,0.6,0,0,0,,0,0,,,0,0,Russia
Maksim Belyayev,DF,29,1,0,2,0,0,2,0,0,,0,0,Russia
Sergei Petrov,DF,30,2.4,1,2,1,50,0.83,0.41,0.5,1,0,0,Russia
Mário Fernandes,DF,30,6,1,12,3,25,2,0.5,0.08,0.33,0,0,Russia
Fyodor Kudryashov,DF,33,6.4,1,3,1,33.3,0.47,0.16,0.33,1,0,0,Russia
Andrei Semyonov,DF,31,7,0,1,0,0,0.14,0,0,,0,0,Russia
Georgi Dzhikiya,DF,27,8,1,9,2,22.2,1.13,0.25,0.11,0.5,0,0,Russia
Aleksandr Erokhin,MF,31,0.1,0,1,1,100,8.18,8.18,0,0,0,0,Russia
Zelimkhan Bakayev,MF,24,1.6,0,4,1,25,2.5,0.62,0,0,0,0,Russia
Dmitri Barinov,MF,24,1.6,0,2,0,0,1.22,0,0,,0,0,Russia
Daler Kuzyaev,MF,28,1.7,1,3,3,100,1.81,1.81,0.33,0.33,0,0,Russia
Ilzat Akhmetov,MF,23,1.5,0,2,0,0,1.31,0,0,,0,0,Russia
Roman Zobnin,MF,26,3.7,0,2,0,0,0.54,0,0,,0,0,Russia
Magomed Ozdoyev,MF,28,7.6,2,10,4,40,1.31,0.52,0.2,0.5,0,0,Russia
Anton Miranchuk,"MF,FW",25,2,0,9,3,33.3,4.58,1.53,0,0,0,0,Russia
Aleksei Miranchuk,"MF,FW",25,2.7,1,13,5,38.5,4.85,1.87,0.08,0.2,0,0,Russia
Yuri Zhirkov,"MF,FW",37,3.3,0,9,3,33.3,2.76,0.92,0,0,0,0,Russia
Aleksei Ionov,"MF,FW",31,6,2,10,5,50,1.68,0.84,0.2,0.4,0,0,Russia
Aleksandr Golovin,"MF,FW",24,6.3,2,35,9,25.7,5.53,1.42,0.06,0.22,0,0,Russia
Fyodor Smolov,"FW,MF",30,0.3,2,5,2,40,14.52,5.81,0.4,1,0,0,Russia
Nikolay Komlichenko,FW,25,0.4,1,5,4,80,11.25,9,0.2,0.25,0,0,Russia
Denis Cheryshev,FW,30,1.9,2,5,3,60,2.66,1.6,0.4,0.67,0,0,Russia
Artem Dzyuba,FW,32,7.8,8,44,20,45.5,5.61,2.55,0.16,0.35,1,2,Russia
Simon Mignolet,GK,32,1,0,0,0,,0,0,,,0,0,Belgium
Thibaut Courtois,GK,28,7,0,0,0,,0,0,,,0,0,Belgium
Brandon Mechele,DF,28,0,0,0,0,,0,0,,,0,0,Belgium
Elias Cobbaut,DF,23,1,0,0,0,,0,0,,,0,0,Belgium
Dedryck Boyata,DF,30,1,0,0,0,,0,0,,,0,0,Belgium
Vincent Kompany,DF,34,1.8,0,1,0,0,0.54,0,0,,0,0,Belgium
Jason Denayer,DF,25,2.3,0,3,1,33.3,1.32,0.44,0,0,0,0,Belgium
Thomas Vermaelen,DF,35,3.9,1,2,1,50,0.52,0.26,0.5,1,0,0,Belgium
Jan Vertonghen,DF,33,6,0,3,0,0,0.5,0,0,,0,0,Belgium
Toby Alderweireld,DF,31,8,2,9,3,33.3,1.13,0.37,0.22,0.67,0,0,Belgium
Yari Verschaeren,MF,19,0.7,1,4,2,50,6,3,0,0,1,1,Belgium
Leander Dendoncker,MF,25,1,0,0,0,,0,0,,,0,0,Belgium
Dennis Praet,MF,26,1.4,0,2,1,50,1.41,0.7,0,0,0,0,Belgium
Hans Vanaken,MF,28,2,0,4,1,25,2,0.5,0,0,0,0,Belgium
Nacer Chadli,MF,31,2.2,2,5,3,60,2.24,1.34,0.4,0.67,0,0,Belgium
Yannick Carrasco,MF,27,2.6,1,10,4,40,3.81,1.53,0.1,0.25,0,0,Belgium
Timothy Castagne,MF,25,3,2,5,2,40,1.67,0.67,0.4,1,0,0,Belgium
Thomas Meunier,MF,29,4,1,4,1,25,1,0.25,0.25,1,0,0,Belgium
Axel Witsel,MF,32,4,0,6,4,66.7,1.5,1,0,0,0,0,Belgium
Thorgan Hazard,MF,27,5,1,7,4,57.1,1.4,0.8,0.14,0.25,0,0,Belgium
Youri Tielemans,MF,23,5.5,1,10,2,20,1.82,0.36,0.1,0.5,0,0,Belgium
Kevin De Bruyne,"MF,FW",29,5.3,4,24,13,54.2,4.52,2.45,0.17,0.31,0,0,Belgium
Benito Raman,"FW,MF",26,0,0,0,0,,0,0,,,0,0,Belgium
Dries Mertens,"FW,MF",33,4.7,2,20,7,35,4.3,1.5,0.1,0.29,0,0,Belgium
Eden Hazard,"FW,MF",30,5.4,2,15,9,60,2.78,1.67,0.13,0.22,0,0,Belgium
Adnan Januzaj,FW,25,0.6,0,1,0,0,1.64,0,0,,0,0,Belgium
Divock Origi,FW,25,0.7,0,4,0,0,5.54,0,0,,0,0,Belgium
Christian Benteke,FW,30,1.2,3,8,6,75,6.73,5.05,0.38,0.5,0,0,Belgium
Michy Batshuayi,FW,27,2.2,3,7,5,71.4,3.15,2.25,0.29,0.4,1,1,Belgium
Romelu Lukaku,FW,27,4.5,7,25,12,48,5.6,2.69,0.28,0.58,0,0,Belgium
Kasper Schmeichel,GK,34,7,0,0,0,,0,0,,,0,0,Denmark
Peter Ankersen,DF,30,1.1,0,1,0,0,0.89,0,0,,0,0,Denmark
Daniel Wass,DF,31,2.3,0,2,0,0,0.86,0,0,,0,0,Denmark
Mathias Jørgensen,DF,30,3,0,2,0,0,0.67,0,0,,0,0,Denmark
Henrik Dalsgaard,DF,31,4,0,0,0,,0,0,,,0,0,Denmark
Andreas Christensen,DF,24,5.2,0,3,0,0,0.58,0,0,,0,0,Denmark
Simon Kjær,DF,31,6.1,0,2,0,0,0.33,0,0,,0,0,Denmark
Jens Stryger Larsen,DF,29,6.7,0,2,0,0,0.3,0,0,,0,0,Denmark
Robert Skov,MF,24,2.7,3,14,5,35.7,5.23,1.87,0.21,0.6,0,0,Denmark
Pierre Højbjerg,MF,25,4.6,1,1,1,100,0.22,0.22,1,1,0,0,Denmark
Lasse Schöne,MF,34,3.4,0,2,0,0,0.59,0,0,,0,0,Denmark
Thomas Delaney,MF,29,6,1,17,3,17.6,2.84,0.5,0.06,0.33,0,0,Denmark
Martin Braithwaite,"MF,FW",29,4.8,3,19,9,47.4,3.96,1.87,0.16,0.33,0,0,Denmark
Yussuf Poulsen,"MF,FW",26,5.5,2,15,3,20,2.72,0.54,0.13,0.67,0,0,Denmark
Christian Eriksen,"MF,FW",28,7,5,23,10,43.5,3.29,1.43,0.09,0.2,3,3,Denmark
Nicolai Jørgensen,FW,30,1,0,2,0,0,2,0,0,,0,0,Denmark
Andreas Cornelius,FW,27,1.4,0,1,1,100,0.74,0.74,0,0,0,0,Denmark
Christian Gytkjær,FW,30,2.3,3,10,6,60,4.41,2.65,0.3,0.5,0,0,Denmark
Kasper Dolberg,FW,23,3.1,2,9,4,44.4,2.93,1.3,0.22,0.5,0,0,Denmark
Andriy Pyatov,GK,36,6,0,0,0,,0,0,,,0,0,Ukraine
Ihor Plastun,DF,30,0,0,0,0,,0,0,,,0,0,Ukraine
Eduard Sobol,DF,25,1,0,0,0,,0,0,,,0,0,NorthMacedonia
Serhiy Bolbat,DF,27,2,0,0,0,,0,0,,,0,0,Ukraine
Oleksandr Karavayev,DF,28,4,0,3,1,33.3,0.75,0.25,0,0,0,0,Ukraine
Vitaliy Mykolenko,DF,21,5,0,1,0,0,0.2,0,0,,0,0,Ukraine
Mykola Matviyenko,DF,24,6,0,0,0,,0,0,,,0,0,Ukraine
Serhiy Kryvtsov,DF,29,6,0,3,1,33.3,0.5,0.17,0,0,0,0,Ukraine
Yevhen Shakhov,MF,30,0,0,0,0,,0,0,,,0,0,Ukraine
Volodymyr Shepelyev,MF,23,0.4,0,1,0,0,2.73,0,0,,0,0,Ukraine
Serhiy Sydorchuk,MF,29,1.2,0,1,0,0,0.83,0,0,,0,0,Ukraine
Viktor Kovalenko,MF,24,1.3,0,1,0,0,0.75,0,0,,0,0,Ukraine
Yevhen Konoplyanka,MF,31,2.4,2,10,4,40,4.21,1.68,0.2,0.5,0,0,Ukraine
Viktor Tsyhankov,MF,23,3.4,2,12,6,50,3.48,1.74,0.17,0.33,0,0,Ukraine
Taras Stepanenko,MF,31,4.4,0,4,0,0,0.91,0,0,,0,0,Ukraine
Oleksandr Zinchenko,MF,24,5,1,10,3,30,2,0.6,0.1,0.33,0,0,Ukraine
Ruslan Malinovskyi,MF,27,5.8,3,15,8,53.3,2.57,1.37,0.2,0.38,0,0,Ukraine
Roman Bezus,"FW,MF",30,0.1,0,0,0,,0,0,,,0,0,Ukraine
Marlos,"FW,MF",32,2.3,1,3,1,33.3,1.29,0.43,0.33,1,0,0,Ukraine
Andriy Yarmolenko,"FW,MF",31,3.4,1,6,1,16.7,1.78,0.3,0.17,1,0,0,Ukraine
Roman Yaremchuk,"FW,MF",25,4.2,4,12,10,83.3,2.83,2.36,0.33,0.4,0,0,Ukraine
Artem Besyedin,FW,24,0.2,1,1,1,100,6.43,6.43,1,1,0,0,Ukraine
Artem Kravets,FW,31,0.3,0,1,1,100,3.75,3.75,0,0,0,0,Ukraine
Júnior Moraes,FW,33,1.3,0,5,0,0,3.88,0,0,,0,0,Ukraine
Stole Dimitrievski,GK,27,10,0,0,0,,0,0,,,0,0,NorthMacedonia
Gjoko Zajkov,DF,25,0.8,0,1,1,100,1.2,1.2,0,0,0,0,NorthMacedonia
Mario Mladenovski,DF,20,0.5,0,0,0,,0,0,,,0,0,NorthMacedonia
Darko Velkovski,DF,25,7.8,1,2,1,50,0.26,0.13,0.5,1,0,0,NorthMacedonia
Visar Musliu,DF,26,7.9,0,1,0,0,0.13,0,0,,0,0,NorthMacedonia
Kire Ristevski,"DF,MF",30,5.8,0,1,1,100,0.17,0.17,0,0,0,0,NorthMacedonia
Egzon Bejtulai,"DF,MF",27,6.6,0,0,0,,0,0,,,0,0,NorthMacedonia
Stefan Ristovski,"DF,MF",28,7.6,0,3,1,33.3,0.4,0.13,0,0,0,0,NorthMacedonia
Ezgjan Alioski,"MF,DF",28,8,0,8,3,37.5,1,0.37,0,0,0,0,NorthMacedonia
Gjorgji Stoilov,MF,25,0,0,0,0,,0,0,,,0,0,NorthMacedonia
Ferhan Hasani,MF,30,0.3,0,0,0,,0,0,,,0,0,NorthMacedonia
Daniel Avramovski,MF,25,0.5,0,0,0,,0,0,,,0,0,NorthMacedonia
Kristijan Toshevski,MF,26,0.8,0,0,0,,0,0,,,0,0,NorthMacedonia
Tihomir Kostadinov,MF,24,2.1,0,2,0,0,0.95,0,0,,0,0,NorthMacedonia
Stefan Spirovski,MF,30,3.5,0,6,2,33.3,1.73,0.58,0,0,0,0,NorthMacedonia
Arijan Ademi,MF,29,5.6,1,5,2,40,0.89,0.36,0.2,0.5,0,0,NorthMacedonia
Enis Bardhi,MF,25,6.9,1,14,4,28.6,2.03,0.58,0.07,0.25,0,0,NorthMacedonia
Boban Nikolov,MF,26,7.3,1,7,3,42.9,0.96,0.41,0.14,0.33,0,0,NorthMacedonia
Aleksandar Trajkovski,"MF,FW",28,1.6,0,5,3,60,3.17,1.9,0,0,0,0,NorthMacedonia
Elif Elmas,"MF,FW",21,8.6,2,20,8,40,2.33,0.93,0.1,0.25,0,0,NorthMacedonia
Marjan Radeski,"FW,MF",25,0.5,0,0,0,,0,0,,,0,0,NorthMacedonia
Goran Pandev,"FW,MF",37,7.5,2,12,6,50,1.61,0.8,0.17,0.33,0,0,NorthMacedonia
Ivan Tričkovski,FW,33,1.4,0,2,1,50,1.41,0.7,0,0,0,0,NorthMacedonia
Vlatko Stojanovski,FW,23,1.5,1,4,2,50,2.61,1.3,0.25,0.5,0,0,NorthMacedonia
Ilija Nestorovski,FW,30,6.7,0,13,3,23.1,1.93,0.45,0,0,0,0,NorthMacedonia
Jasper Cillessen,GK,31,6,0,0,0,,0,0,,,0,0,Netherlands
Patrick van Aanholt,DF,30,1,0,4,1,25,4,1,0,0,0,0,Netherlands
Nathan Aké,DF,25,1.1,1,2,2,100,1.78,1.78,0.5,0.5,0,0,Netherlands
Denzel Dumfries,DF,24,1.5,0,1,0,0,0.67,0,0,,0,0,Netherlands
Joël Veltman,DF,29,3,0,2,1,50,0.67,0.33,0,0,0,0,Netherlands
Virgil van Dijk,DF,29,5,0,8,1,12.5,1.6,0.2,0,0,0,0,Netherlands
Daley Blind,DF,30,5,0,2,0,0,0.4,0,0,,0,0,Netherlands
Matthijs de Ligt,DF,21,6,0,5,2,40,0.83,0.33,0,0,0,0,Netherlands
Kevin Strootman,MF,30,0.3,0,0,0,,0,0,,,0,0,Netherlands
Calvin Stengs,MF,22,1,0,2,2,100,2,2,0,0,0,0,Netherlands
Steven Berghuis,MF,29,1,0,2,0,0,1.96,0,0,,0,0,Netherlands
Donny van de Beek,MF,23,2,0,3,0,0,1.49,0,0,,0,0,Netherlands
Davy Pröpper,MF,29,3,0,5,1,20,1.68,0.34,0,0,0,0,Netherlands
Marten de Roon,MF,29,2,0,0,0,,0,0,,,0,0,Netherlands
Georginio Wijnaldum,MF,30,5,7,21,14,66.7,4.2,2.8,0.33,0.5,0,0,Netherlands
Frenkie de Jong,MF,23,5.6,1,3,1,33.3,0.54,0.18,0.33,1,0,0,Netherlands
Memphis Depay,"FW,MF",26,3.5,3,15,7,46.7,4.29,2,0.2,0.43,0,0,Netherlands
Quincy Promes,"FW,MF",29,3.7,0,10,4,40,2.69,1.07,0,0,0,0,Netherlands
Wout Weghorst,FW,28,0.3,0,1,1,100,3.21,3.21,0,0,0,0,Netherlands
Myron Boadu,FW,20,0.5,1,3,2,66.7,6,4,0.33,0.5,0,0,Netherlands
Luuk de Jong,FW,30,1.6,1,6,2,33.3,3.7,1.23,0.17,0.5,0,0,Netherlands
Steven Bergwijn,FW,23,2,0,5,1,20,2.53,0.51,0,0,0,0,Netherlands
Donyell Malen,FW,22,2.3,1,7,3,42.9,3,1.29,0.14,0.33,0,0,Netherlands
Ryan Babel,FW,34,3.5,2,9,5,55.6,2.54,1.41,0.22,0.4,0,0,Netherlands
Alexander Schlager,GK,24,1,0,0,0,,0,0,,,0,0,Austria
Pavao Pervan,GK,33,1,0,0,0,,0,0,,,0,0,Austria
Heinz Lindner,GK,30,2,0,0,0,,0,0,,,0,0,Austria
Cican Stankovic,GK,28,4,0,0,0,,0,0,,,0,0,Austria
Maximilian Wöber,DF,22,1,0,2,0,0,2,0,0,,0,0,Austria
Christopher Trimmel,DF,33,1.5,0,3,0,0,2.03,0,0,,0,0,Austria
Stefan Posch,DF,23,4.2,1,3,1,33.3,0.72,0.24,0.33,1,0,0,Austria
Stefan Lainer,DF,28,5,1,7,3,42.9,1.4,0.6,0.14,0.33,0,0,Austria
Martin Hinteregger,DF,28,6,1,5,3,60,0.83,0.5,0.2,0.33,0,0,Austria
Andreas Ulmer,DF,35,7,0,4,1,25,0.57,0.14,0,0,0,0,Austria
Aleksandar Dragović,DF,29,7.4,0,4,1,25,0.54,0.14,0,0,0,0,Austria
Reinhold Ranftl,MF,29,0.2,0,0,0,,0,0,,,0,0,Austria
Thomas Goiginger,MF,27,0.8,0,0,0,,0,0,,,0,0,Austria
Florian Grillitsch,MF,25,1.1,0,4,1,25,3.6,0.9,0,0,0,0,Austria
Louis Schaub,MF,26,1.4,0,1,1,100,0.73,0.73,0,0,0,0,Austria
Xaver Schlager,MF,23,2,0,3,2,66.7,1.5,1,0,0,0,0,Austria
David Alaba,MF,28,4,1,13,4,30.8,3.27,1.01,0.08,0.25,0,0,Austria
Stefan Ilsanker,MF,31,4.3,0,8,0,0,1.87,0,0,,0,0,Austria
Julian Baumgartlinger,MF,33,5.3,0,3,1,33.3,0.56,0.19,0,0,0,0,Austria
Valentino Lazaro,MF,24,6.4,2,17,4,23.5,2.64,0.62,0.12,0.5,0,0,Austria
Konrad Laimer,MF,23,6.5,1,7,2,28.6,1.08,0.31,0.14,0.5,0,0,Austria
Marcel Sabitzer,MF,26,6.8,2,32,10,31.3,4.74,1.48,0.06,0.2,0,0,Austria
Florian Kainz,"FW,MF",28,0,0,0,0,,0,0,,,0,0,Austria
Lukas Hinterseer,"FW,MF",29,0.2,0,0,0,,0,0,,,0,0,Austria
Guido Burgstaller,"FW,MF",31,0.3,1,2,1,50,7.83,3.91,0.5,1,0,0,Austria
Karim Onisiwo,"FW,MF",28,0.6,0,4,1,25,6.79,1.7,0,0,0,0,Austria
Michael Gregoritsch,FW,26,2.3,1,8,4,50,3.5,1.75,0.13,0.25,0,0,Austria
Marko Arnautović,FW,31,5.9,4,27,15,55.6,4.6,2.56,0.07,0.13,2,2,Austria
Ondřej Kolář,GK,26,1,0,0,0,,0,0,,,0,0,CzechRepublic
Tomáš Vaclík,GK,31,6,0,0,0,,0,0,,,0,0,CzechRepublic
Ondřej Kúdela,DF,33,1,0,0,0,,0,0,,,0,0,CzechRepublic
Filip Novák,DF,30,2,0,1,0,0,0.5,0,0,,0,0,CzechRepublic
Jakub Brabec,DF,28,2.5,1,1,1,100,0.4,0.4,1,1,0,0,CzechRepublic
Vladimír Coufal,DF,28,3,0,4,2,50,1.33,0.67,0,0,0,0,CzechRepublic
Marek Suchý,DF,32,3.5,0,0,0,,0,0,,,0,0,CzechRepublic
Pavel Kadeřábek,DF,28,4,0,1,0,0,0.25,0,0,,0,0,CzechRepublic
Jan Bořil,DF,30,5,0,4,2,50,0.8,0.4,0,0,0,0,CzechRepublic
Ondřej Čelůstka,DF,31,7,1,3,1,33.3,0.43,0.14,0.33,1,0,0,CzechRepublic
Jaromír Zmrhal,MF,27,0,0,0,0,,0,0,,,0,0,CzechRepublic
Josef Hušbauer,MF,30,0.4,0,1,1,100,2.31,2.31,0,0,0,0,CzechRepublic
Jan Kopic,MF,30,1.1,0,2,1,50,1.82,0.91,0,0,0,0,CzechRepublic
Petr Ševčík,MF,26,0.9,0,1,0,0,1.14,0,0,,0,0,CzechRepublic
David Pavelka,MF,29,2,0,1,0,0,0.5,0,0,,0,0,CzechRepublic
Vladimír Darida,MF,30,5,1,17,5,29.4,3.4,1,0,0,1,1,CzechRepublic
Lukáš Masopust,MF,27,5,1,6,2,33.3,1.21,0.4,0.17,0.5,0,0,CzechRepublic
Alex Král,MF,22,6.6,1,13,4,30.8,1.98,0.61,0.08,0.25,0,0,CzechRepublic
Jakub Jankto,MF,25,6.6,1,14,4,28.6,2.12,0.61,0.07,0.25,0,0,CzechRepublic
Tomáš Souček,MF,25,7,1,22,5,22.7,3.14,0.71,0.05,0.2,0,0,CzechRepublic
Ladislav Krejčí,"FW,MF",28,0.3,0,1,1,100,3.46,3.46,0,0,0,0,CzechRepublic
Libor Kozák,FW,31,0,0,0,0,,0,0,,,0,0,CzechRepublic
Martin Doležal,FW,30,0.4,0,4,0,0,10.29,0,0,,0,0,CzechRepublic
Michal Krmenčík,FW,27,1,0,6,3,50,5.93,2.97,0,0,0,0,CzechRepublic
Zdeněk Ondrášek,FW,32,1.5,1,7,4,57.1,4.67,2.67,0.14,0.25,0,0,CzechRepublic
Patrik Schick,FW,25,4.2,4,15,7,46.7,3.58,1.67,0.2,0.43,1,1,CzechRepublic
Nick Pope,GK,28,1,0,0,0,,0,0,,,0,0,England
Jordan Pickford,GK,26,5,0,0,0,,0,0,,,0,0,England
Fikayo Tomori,DF,23,0.1,0,0,0,,0,0,,,0,0,England
Joe Gomez,DF,23,0.2,0,0,0,,0,0,,,0,0,England
John Stones,DF,26,1,0,0,0,,0,0,,,0,0,England
Danny Rose,DF,30,2,0,1,0,0,0.5,0,0,,0,0,England
Tyrone Mings,DF,27,2,0,0,0,,0,0,,,0,0,England
Trent Alexander-Arnold,DF,22,2.9,0,3,1,33.3,1.03,0.34,0,0,0,0,England
Kieran Trippier,DF,30,3,0,0,0,,0,0,,,0,0,England
Michael Keane,DF,28,3,0,5,0,0,1.67,0,0,,0,0,England
Ben Chilwell,DF,24,4,0,1,1,100,0.25,0.25,0,0,0,0,England
Harry Maguire,DF,27,6,0,3,1,33.3,0.5,0.17,0,0,0,0,England
James Maddison,MF,24,0.4,0,0,0,,0,0,,,0,0,England
Alex Oxlade-Chamberlain,MF,27,1.6,1,1,1,100,0.64,0.64,1,1,0,0,England
Mason Mount,MF,22,2.3,1,8,3,37.5,3.44,1.29,0.13,0.33,0,0,England
Ross Barkley,MF,27,2.9,2,5,2,40,1.71,0.68,0.4,1,0,0,England
Harry Winks,MF,24,3,1,1,1,100,0.33,0.33,1,1,0,0,England
Jordan Henderson,MF,30,3.7,0,2,1,50,0.54,0.27,0,0,0,0,England
Declan Rice,MF,22,4,0,1,0,0,0.25,0,0,,0,0,England
Jadon Sancho,"MF,FW",20,3.2,2,3,3,100,0.95,0.95,0.67,0.67,0,0,England
Raheem Sterling,"MF,FW",26,4.6,4,12,10,83.3,2.62,2.18,0.33,0.4,0,0,England
Callum Wilson,FW,28,0.2,0,1,0,0,6,0,0,,0,0,England
Tammy Abraham,FW,23,0.4,1,1,1,100,2.43,2.43,1,1,0,0,England
Callum Hudson-Odoi,FW,20,0.6,0,2,1,50,3.1,1.55,0,0,0,0,England
Marcus Rashford,FW,23,3.5,3,14,8,57.1,4.05,2.32,0.21,0.38,0,0,England
Harry Kane,FW,27,5.5,10,26,17,65.4,4.76,3.11,0.27,0.41,3,4,England
Jon McLaughlin,GK,33,1,0,0,0,,0,0,,,0,0,Scotland
David Marshall,GK,35,9.7,0,0,0,,0,0,,,0,0,Scotland
Stuart Findlay,DF,25,1,1,1,1,100,1,1,1,1,0,0,Scotland
Kieran Tierney,DF,23,1.3,0,0,0,,0,0,,,0,0,Scotland
Michael Devlin,DF,27,2,0,2,0,0,0.99,0,0,,0,0,Scotland
Greg Taylor,DF,23,3,0,0,0,,0,0,,,0,0,Scotland
Liam Cooper,DF,29,3.3,0,2,0,0,0.6,0,0,,0,0,Scotland
Liam Palmer,DF,29,4,0,2,0,0,0.5,0,0,,0,0,Scotland
Scott McKenna,DF,24,4,0,5,2,40,1.25,0.5,0,0,0,0,Scotland
Declan Gallagher,DF,29,4.7,0,1,0,0,0.21,0,0,,0,0,Scotland
Charlie Mulgrew,DF,34,5,0,3,2,66.7,0.6,0.4,0,0,0,0,Scotland
Stephen O'Donnell,"DF,MF",28,6.5,0,4,2,50,0.61,0.31,0,0,0,0,Scotland
Andrew Robertson,"DF,MF",26,7.7,1,6,2,33.3,0.78,0.26,0.17,0.5,0,0,Scotland
Scott McTominay,"MF,DF",24,6.7,0,10,2,20,1.5,0.3,0,0,0,0,Scotland
Callum Paterson,"DF,FW",26,0.7,0,1,0,0,1.41,0,0,,0,0,Scotland
John Fleck,MF,29,1,0,0,0,,0,0,,,0,0,Scotland
Stuart Armstrong,MF,28,1,1,1,1,100,1.01,1.01,1,1,0,0,Scotland
Johnny Russell,MF,30,1.1,0,1,1,100,0.89,0.89,0,0,0,0,Scotland
Kenny McLean,MF,29,3.8,0,4,0,0,1.04,0,0,,0,0,Scotland
Ryan Jack,MF,28,4.3,0,4,1,25,0.94,0.23,0,0,0,0,Scotland
John McGinn,MF,26,7.6,7,21,10,47.6,2.76,1.32,0.33,0.7,0,0,Scotland
Callum McGregor,MF,27,10.1,0,13,2,15.4,1.28,0.2,0,0,0,0,Scotland
Robert Snodgrass,"MF,FW",33,2,0,3,0,0,1.5,0,0,,0,0,Scotland
Ryan Fraser,"MF,FW",26,3.8,0,4,2,50,1.05,0.52,0,0,0,0,Scotland
James Forrest,"MF,FW",29,4.7,0,9,4,44.4,1.9,0.85,0,0,0,0,Scotland
Ryan Christie,"MF,FW",25,5.4,2,18,9,50,3.35,1.67,0.11,0.22,0,0,Scotland
Leigh Griffiths,FW,30,0,0,0,0,,0,0,,,0,0,Scotland
Eamonn Brophy,FW,24,0.8,0,1,0,0,1.25,0,0,,0,0,Scotland
Matt Phillips,FW,29,1,0,3,2,66.7,3.03,2.02,0,0,0,0,Scotland
Lawrence Shankland,FW,25,2,1,7,2,28.6,3.44,0.98,0.14,0.5,0,0,Scotland
Steven Naismith,FW,34,1.5,1,5,2,40,3.26,1.3,0.2,0.5,0,0,Scotland
Lyndon Dykes,FW,25,1.9,0,0,0,,0,0,,,0,0,Scotland
Oliver Burke,FW,23,2.1,1,3,1,33.3,1.46,0.49,0.33,1,0,0,Scotland
Oliver McBurnie,FW,24,2.5,0,2,1,50,0.79,0.39,0,0,0,0,Scotland
Dominik Livaković,GK,26,6,0,0,0,,0,0,,,0,0,Croatia
Dino Perić,DF,26,1,0,0,0,,0,0,,,0,0,Croatia
Duje Ćaleta-Car,DF,24,1,0,1,1,100,1,1,0,0,0,0,Croatia
Karlo Bartolec,DF,25,1.8,0,1,1,100,0.55,0.55,0,0,0,0,Croatia
Tin Jedvaj,DF,25,4,0,1,0,0,0.25,0,0,,0,0,Croatia
Domagoj Vida,DF,31,5,0,4,0,0,0.8,0,0,,0,0,Croatia
Dejan Lovren,DF,31,5,1,3,1,33.3,0.6,0.2,0.33,1,0,0,Croatia
Borna Barišić,DF,28,6,0,2,0,0,0.33,0,0,,0,0,Croatia
Mile Škorić,MF,29,0,0,0,0,,0,0,,,0,0,Croatia
Milan Badelj,MF,31,0.3,0,0,0,,0,0,,,0,0,Croatia
Mario Pašalić,MF,25,0.4,0,3,0,0,8.44,0,0,,0,0,Croatia
Ivan Rakitić,MF,32,1.3,0,2,0,0,1.53,0,0,,0,0,Croatia
Mateo Kovačić,MF,26,1.8,0,0,0,,0,0,,,0,0,Croatia
Josip Brekalo,MF,22,2.9,0,11,5,45.5,3.82,1.74,0,0,0,0,Croatia
Nikola Vlašić,MF,23,3.9,3,9,7,77.8,2.3,1.79,0.33,0.43,0,0,Croatia
Marcelo Brozović,MF,28,5,0,9,1,11.1,1.8,0.2,0,0,0,0,Croatia
Luka Modrić,MF,35,5.7,2,9,4,44.4,1.57,0.7,0.11,0.25,1,1,Croatia
Ante Rebić,"MF,FW",27,3.6,0,6,2,33.3,1.67,0.56,0,0,0,0,Croatia
Ivan Perišić,"MF,FW",31,5.6,3,25,9,36,4.5,1.62,0.12,0.33,0,1,Croatia
Mislav Oršić,"FW,MF",28,0.2,0,1,0,0,6.43,0,0,,0,0,Croatia
Andrej Kramarić,FW,29,1,0,3,1,33.3,3,1,0,0,0,0,Croatia
Bruno Petković,FW,26,4.6,4,20,10,50,4.34,2.17,0.2,0.4,0,0,Croatia
Kristoffer Nordfeldt,GK,31,1,0,0,0,,0,0,,,0,0,Sweden
Robin Olsen,GK,31,7,0,0,0,,0,0,,,0,0,Sweden
Emil Krafth,DF,26,0.5,0,0,0,,0,0,,,0,0,Sweden
Riccardo Gagliolo,DF,30,1,0,2,0,0,2,0,0,,0,0,Sweden
Marcus Danielsson,DF,31,2,1,2,2,100,1,1,0.5,0.5,0,0,Sweden
Ludwig Augustinsson,DF,26,2,0,4,2,50,2,1,0,0,0,0,Sweden
Pontus Jansson,DF,29,3,0,2,1,50,0.67,0.33,0,0,0,0,Sweden
Filip Helander,DF,27,3,0,1,0,0,0.33,0,0,,0,0,Sweden
Victor Lindelöf,DF,26,4,1,2,1,50,0.5,0.25,0.5,1,0,0,Sweden
Andreas Granqvist,DF,35,5,0,1,1,100,0.2,0.2,0,0,0,0,Sweden
Pierre Bengtsson,DF,32,5,0,3,2,66.7,0.6,0.4,0,0,0,0,Sweden
Mikael Lustig,DF,34,6.5,0,2,1,50,0.31,0.15,0,0,0,0,Sweden
Gustav Svensson,"DF,MF",33,1,0,0,0,,0,0,,,0,0,Sweden
Jimmy Durmaz,MF,31,0.2,0,0,0,,0,0,,,0,0,Sweden
Jakob Johansson,MF,30,0.7,0,0,0,,0,0,,,0,0,Sweden
Ken Sema,MF,27,0.7,0,1,0,0,1.41,0,0,,0,0,Sweden
Muamer Tanković,MF,25,1,0,2,2,100,2,2,0,0,0,0,Sweden
Mattias Svanberg,MF,22,1,1,3,1,33.3,3,1,0.33,1,0,0,Sweden
Viktor Claesson,MF,29,1.3,1,3,1,33.3,2.33,0.78,0.33,1,0,0,Sweden
Seb Larsson,MF,35,5.6,2,5,3,60,0.89,0.53,0,0,2,2,Sweden
Emil Forsberg,MF,29,6,1,19,8,42.1,3.17,1.33,0.05,0.13,0,0,Sweden
Albin Ekdal,MF,31,6,0,6,0,0,1,0,0,,0,0,Sweden
Kristoffer Olsson,MF,25,7.1,0,4,1,25,0.57,0.14,0,0,0,0,Sweden
Dejan Kulusevski,"FW,MF",20,0.3,0,1,1,100,3.46,3.46,0,0,0,0,Sweden
Robin Quaison,"FW,MF",27,6.4,3,16,8,50,2.5,1.25,0.19,0.38,0,0,Sweden
John Guidetti,FW,28,0.4,1,2,2,100,5.63,5.63,0.5,0.5,0,0,Sweden
Sebastian Andersson,FW,29,1,1,3,1,33.3,2.97,0.99,0.33,1,0,0,Sweden
Alexander Isak,FW,21,3.7,3,12,5,41.7,3.22,1.34,0.25,0.6,0,0,Sweden
Marcus Berg,FW,34,5.6,2,14,9,64.3,2.5,1.6,0.14,0.22,0,0,Sweden
Marek Rodák,GK,24,2.7,0,0,0,,0,0,,,0,0,Slovakia
Martin Dúbravka,GK,32,7,0,0,0,,0,0,,,0,0,Slovakia
Róbert Mazáň,DF,26,1.3,0,0,0,,0,0,,,0,0,Slovakia
Tomáš Hubočan,DF,35,1.3,0,0,0,,0,0,,,0,0,Slovakia
Norbert Gyömbér,DF,28,2.1,0,0,0,,0,0,,,0,0,Slovakia
Martin Valjent,DF,25,2.3,0,0,0,,0,0,,,0,0,Slovakia
Ľubomír Šatka,DF,25,2.3,0,0,0,,0,0,,,0,0,Slovakia
Denis Vavro,DF,24,6.2,0,3,0,0,0.48,0,0,,0,0,Slovakia
Dávid Hancko,DF,23,7,1,5,3,60,0.71,0.43,0.2,0.33,0,0,Slovakia
Peter Pekarík,DF,34,7.7,0,6,1,16.7,0.78,0.13,0,0,0,0,Slovakia
Milan Škriniar,DF,25,8.3,0,2,0,0,0.24,0,0,,0,0,Slovakia
Ján Greguš,MF,30,0.7,0,1,0,0,1.41,0,0,,0,0,Slovakia
Patrik Hrošovský,MF,28,2.1,0,3,0,0,1.44,0,0,,0,0,Slovakia
Stanislav Lobotka,MF,26,7.6,1,2,1,50,0.26,0.13,0.5,1,0,0,Slovakia
Juraj Kucka,MF,33,8.7,3,27,8,29.6,3.1,0.92,0.11,0.38,0,0,Slovakia
Marek Hamšík,MF,33,9.4,3,9,6,66.7,0.95,0.64,0.33,0.5,0,0,Slovakia
Miroslav Stoch,"FW,MF",31,0.2,0,1,0,0,4.09,0,0,,0,0,Slovakia
Michal Ďuriš,"FW,MF",32,1.6,1,3,2,66.7,1.84,1.22,0.33,0.5,0,0,Slovakia
Róbert Mak,"FW,MF",29,6.3,1,15,9,60,2.4,1.44,0.07,0.11,0,0,Slovakia
Albert Rusnák,"FW,MF",26,7.4,0,8,2,25,1.08,0.27,0,0,0,0,Slovakia
Pavol Šafranko,FW,26,0.1,0,0,0,,0,0,,,0,0,Slovakia
Samuel Mráz,FW,23,0.6,0,0,0,,0,0,,,0,0,Slovakia
Jaroslav Mihalík,FW,26,0.8,0,0,0,,0,0,,,0,0,Slovakia
Matúš Bero,FW,25,1,0,3,1,33.3,3,1,0,0,0,0,Slovakia
Lukáš Haraslín,FW,24,2.2,0,5,2,40,2.31,0.92,0,0,0,0,Slovakia
Ondrej Duda,FW,26,4.1,0,6,3,50,1.46,0.73,0,0,0,0,Slovakia
Róbert Boženík,FW,21,4.9,3,13,7,53.8,2.68,1.44,0.23,0.43,0,0,Slovakia
Wojciech Szczęsny,GK,30,4,0,0,0,,0,0,,,0,0,Spain
Łukasz Fabiański,GK,35,4,0,0,0,,0,0,,,0,0,Poland
Artur Jędrzejczyk,DF,33,0.9,0,1,0,0,1.07,0,0,,0,0,Poland
Łukasz Piszczek,DF,35,0.5,0,1,0,0,2.05,0,0,,0,0,Poland
Michał Pazdan,DF,33,1,0,0,0,,0,0,,,0,0,Poland
Maciej Rybus,DF,31,1.1,0,1,0,0,0.89,0,0,,0,0,Poland
Arkadiusz Reca,DF,25,3.1,0,0,0,,0,0,,,0,0,Poland
Bartosz Bereszyński,DF,28,5,0,1,0,0,0.2,0,0,,0,0,Poland
Tomasz Kędziora,DF,26,6.5,0,1,0,0,0.15,0,0,,0,0,Poland
Kamil Glik,DF,32,6.1,0,3,1,33.3,0.49,0.16,0,0,0,0,Poland
Jan Bednarek,DF,24,8,0,4,0,0,0.5,0,0,,0,0,Poland
Kamil Jóźwiak,MF,22,0.1,0,0,0,,0,0,,,0,0,Poland
Dominik Furman,MF,28,0.1,0,0,0,,0,0,,,0,0,Poland
Damian Kądzior,MF,28,0.2,1,1,1,100,6.43,6.43,1,1,0,0,Poland
Jakub Błaszczykowski,MF,35,0.4,0,0,0,,0,0,,,0,0,Poland
Przemysław Frankowski,MF,25,1.9,1,3,2,66.7,1.62,1.08,0.33,0.5,0,0,Poland
Jacek Góralski,MF,28,2.2,1,1,1,100,0.46,0.46,1,1,0,0,Poland
Krystian Bielik,MF,23,2.2,0,2,0,0,0.9,0,0,,0,0,Poland
Sebastian Szymański,MF,21,3.6,1,9,3,33.3,2.49,0.83,0.11,0.33,0,0,Poland
Mateusz Klich,MF,30,3.6,0,1,0,0,0.28,0,0,,0,0,Poland
Kamil Grosicki,MF,32,5.8,1,13,5,38.5,2.25,0.87,0.08,0.2,0,0,Poland
Grzegorz Krychowiak,MF,31,7.9,1,19,5,26.3,2.4,0.63,0.05,0.2,0,0,Poland
Piotr Zieliński,MF,26,8,0,16,6,37.5,2,0.75,0,0,0,0,Poland
Arkadiusz Milik,FW,26,0.5,1,2,1,50,4.39,2.2,0.5,1,0,0,Poland
Dawid Kownacki,FW,23,0.8,0,0,0,,0,0,,,0,0,Poland
Krzysztof Piątek,FW,25,3.3,3,9,4,44.4,2.76,1.23,0.33,0.75,0,0,Poland
Robert Lewandowski,FW,32,7.3,5,21,9,42.9,2.87,1.23,0.19,0.44,1,1,Poland
Pau López,GK,26,1,0,0,0,,0,0,,,0,0,Spain
David de Gea,GK,30,1.7,0,0,0,,0,0,,,0,0,Spain
Kepa Arrizabalaga,GK,26,6.3,0,0,0,,0,0,,,0,0,Spain
Unai Núñez,DF,24,0.1,0,0,0,,0,0,,,0,0,Spain
Pau Torres,DF,24,0.3,1,1,1,100,3,3,1,1,0,0,Spain
Diego Llorente,DF,27,1.4,0,1,1,100,0.71,0.71,0,0,0,0,Spain
Jordi Alba,DF,31,2,0,1,1,100,0.5,0.5,0,0,0,0,Spain
Iñigo Martínez,DF,29,3,0,1,0,0,0.33,0,0,,0,0,Spain
Mario Hermoso,DF,25,3.1,0,4,3,75,1.3,0.97,0,0,0,0,Spain
Raúl Albiol,DF,35,3.3,0,1,0,0,0.3,0,0,,0,0,Spain
Dani Carvajal,DF,29,3.9,0,4,1,25,1.03,0.26,0,0,0,0,Spain
José Luis Gayà,DF,25,4,1,4,1,25,1,0.25,0.25,1,0,0,Spain
Jesús Navas,DF,35,4.4,2,3,2,66.7,0.68,0.45,0.67,1,0,0,Spain
Sergio Ramos,DF,34,6.8,3,21,9,42.9,3.1,1.33,0.05,0.11,2,2,Spain
Sergi Roberto,"MF,DF",28,2,0,1,0,0,0.5,0,0,,0,0,Spain
Juan Bernat,"DF,FW",27,3.6,0,2,1,50,0.56,0.28,0,0,0,0,Spain
Sergio Canales,MF,29,1,0,2,0,0,2,0,0,,0,0,Spain
Daniel Parejo,MF,31,2,0,6,1,16.7,3,0.5,0,0,0,0,Spain
Thiago Alcántara,MF,29,2.7,0,6,2,33.3,2.2,0.73,0,0,0,0,Spain
Saúl Ñíguez,MF,26,3.7,1,13,2,15.4,3.5,0.54,0.08,0.5,0,0,Spain
Sergio Busquets,MF,32,4,0,3,1,33.3,0.75,0.25,0,0,0,0,Spain
Rodri,MF,24,5.1,0,6,4,66.7,1.17,0.78,0,0,0,0,Spain
Fabián Ruiz Peña,MF,24,5.2,1,15,4,26.7,2.89,0.77,0.07,0.25,0,0,Spain
Santi Cazorla,"MF,FW",36,2.6,1,8,3,37.5,3.05,1.14,0.13,0.33,0,0,Spain
Dani Olmo,"FW,MF",22,0.3,1,3,3,100,10.8,10.8,0.33,0.33,0,0,Spain
Iker Muniain,"FW,MF",28,0.4,0,0,0,,0,0,,,0,0,Spain
Iago Aspas,FW,33,0.6,0,2,0,0,3.27,0,0,,0,0,Spain
Suso,FW,27,0.7,0,3,0,0,4.03,0,0,,0,0,Spain
Pablo Sarabia,FW,28,1.4,1,9,3,33.3,6.33,2.11,0.11,0.33,0,0,Spain
Paco Alcácer,FW,27,1.9,3,15,7,46.7,7.71,3.6,0.2,0.43,0,0,Spain
Isco,FW,28,1.8,0,7,2,28.6,3.87,1.1,0,0,0,0,Spain
Marco Asensio,FW,25,2.1,0,11,5,45.5,5.24,2.38,0,0,0,0,Spain
Dani Ceballos,FW,24,2.5,0,2,0,0,0.79,0,0,,0,0,Spain
Gerard Moreno,FW,28,2.6,3,16,4,25,6.1,1.53,0.19,0.75,0,0,Spain
Mikel Oyarzabal,FW,23,3.3,2,6,3,50,1.8,0.9,0.33,0.67,0,0,Spain
Álvaro Morata,FW,28,3.9,4,12,7,58.3,3.09,1.81,0.25,0.43,1,1,Spain
Rodrigo,FW,29,4,3,11,4,36.4,2.77,1.01,0.27,0.75,0,0,Spain
Rui Patrício,GK,32,6,0,0,0,,0,0,,,0,0,Portugal
Mário Rui,DF,29,1,0,2,1,50,2,1,0,0,0,0,Portugal
João Cancelo,DF,26,1.3,0,1,0,0,0.78,0,0,,0,0,Portugal
Ricardo Pereira,DF,27,2,0,0,0,,0,0,,,0,0,Portugal
Pepe,DF,37,2,0,1,0,0,0.5,0,0,,0,0,Portugal
Nélson Semedo,DF,27,2.7,0,1,0,0,0.37,0,0,,0,0,Portugal
José Fonte,DF,37,4,0,3,1,33.3,0.75,0.25,0,0,0,0,Portugal
Raphaël Guerreiro,DF,27,5,0,3,1,33.3,0.6,0.2,0,0,0,0,Portugal
Rúben Dias,DF,23,6,0,2,0,0,0.33,0,0,,0,0,Portugal
João Mário,MF,28,0.8,0,1,1,100,1.29,1.29,0,0,0,0,Portugal
Pizzi,MF,31,1.7,1,2,1,50,1.18,0.59,0.5,1,0,0,Portugal
William Carvalho,MF,28,2,2,3,2,66.7,1.5,1,0.67,1,0,0,Portugal
Rúben Neves,MF,23,2,0,1,0,0,0.49,0,0,,0,0,Portugal
João Moutinho,MF,34,2.2,0,1,0,0,0.45,0,0,,0,0,Portugal
Danilo Pereira,MF,29,4,0,6,2,33.3,1.5,0.5,0,0,0,0,Portugal
Bruno Fernandes,MF,26,4.7,1,14,4,28.6,2.97,0.85,0.07,0.25,0,0,Portugal
Gonçalo Guedes,"MF,FW",24,1.6,2,3,2,66.7,1.93,1.29,0.67,1,0,0,Portugal
Bernardo Silva,"MF,FW",26,5.5,3,9,6,66.7,1.62,1.08,0.33,0.5,0,0,Portugal
Diogo Jota,"FW,MF",24,0.3,0,2,0,0,6.43,0,0,,0,0,Portugal
Rafa Silva,"FW,MF",27,0.4,0,2,1,50,5.14,2.57,0,0,0,0,Portugal
Bruma,"FW,MF",26,0.5,0,3,1,33.3,5.63,1.87,0,0,0,0,Portugal
Cristiano Ronaldo,"FW,MF",35,5.8,11,53,23,43.4,9.17,3.98,0.15,0.35,3,3,Portugal
André Silva,FW,25,0.8,0,0,0,,0,0,,,0,0,Portugal
Gonçalo Paciência,FW,26,1,1,9,4,44.4,9,4,0.11,0.25,0,0,Portugal
João Félix,FW,21,2.7,0,11,5,45.5,4.07,1.85,0,0,0,0,Portugal
Marc-André ter Stegen,GK,28,1,0,0,0,,0,0,,,0,0,Germany
Manuel Neuer,GK,34,6,0,0,0,,0,0,,,0,0,Germany
Robin Koch,DF,24,1,0,0,0,,0,0,,,0,0,Germany
Thilo Kehrer,DF,24,1,0,0,0,,0,0,,,0,0,Germany
Jonas Hector,DF,30,1,0,1,0,0,1,0,0,,0,0,Germany
Emre Can,DF,27,1.2,0,3,0,0,2.48,0,0,,0,0,Germany
Marcel Halstenberg,DF,29,2.5,1,1,1,100,0.4,0.4,1,1,0,0,Germany
Jonathan Tah,DF,24,3.6,0,1,0,0,0.28,0,0,,0,0,Germany
Matthias Ginter,DF,27,4.4,1,3,2,66.7,0.69,0.46,0.33,0.5,0,0,Germany
Niklas Süle,DF,25,5,0,1,0,0,0.2,0,0,,0,0,Germany
Niklas Stark,"DF,MF",25,0.3,0,0,0,,0,0,,,0,0,Germany
Nico Schulz,"DF,MF",27,3.5,0,2,1,50,0.57,0.29,0,0,0,0,Germany
Lukas Klostermann,"DF,MF",24,5.7,0,9,3,33.3,1.58,0.53,0,0,0,0,Germany
Sebastian Rudy,MF,30,0,0,0,0,,0,0,,,0,0,Germany
Nadiem Amiri,MF,24,0.2,0,1,0,0,6,0,0,,0,0,Germany
Suat Serdar,MF,23,0.4,0,1,0,0,2.81,0,0,,0,0,Germany
Kai Havertz,MF,21,1.6,0,2,0,0,1.26,0,0,,0,0,Germany
Leroy Sané,MF,25,2,2,9,4,44.4,4.5,2,0.22,0.5,0,0,Germany
Julian Brandt,MF,24,3.4,1,7,3,42.9,2.03,0.87,0.14,0.33,0,0,Germany
Toni Kroos,MF,31,4,3,14,8,57.1,3.5,2,0.14,0.25,1,1,Germany
İlkay Gündoğan,MF,30,4.8,3,12,3,25,2.5,0.62,0.17,0.67,1,1,Germany
Joshua Kimmich,MF,25,7,0,10,2,20,1.43,0.29,0,0,0,0,Germany
Leon Goretzka,"MF,FW",25,2.9,4,12,6,50,4.12,2.06,0.33,0.67,0,0,Germany
Julian Draxler,"FW,MF",27,0.6,0,2,1,50,3.1,1.55,0,0,0,0,Germany
Marco Reus,"FW,MF",31,4,3,12,7,58.3,3.01,1.75,0.25,0.43,0,0,Germany
Serge Gnabry,"FW,MF",25,5.6,7,26,11,42.3,4.65,1.97,0.27,0.64,0,0,Germany
Luca Waldschmidt,FW,24,0.8,0,1,1,100,1.27,1.27,0,0,0,0,Germany
Timo Werner,FW,24,2.7,2,18,8,44.4,6.61,2.94,0.11,0.25,0,0,Germany
Péter Gulácsi,GK,30,8,0,0,0,,0,0,,,0,0,Hungary
Zsolt Nagy,DF,27,1,0,0,0,,0,0,,,0,0,Hungary
Endre Botka,DF,26,1.1,0,2,0,0,1.82,0,0,,0,0,Hungary
Tamás Kádár,DF,30,1.5,0,2,1,50,1.33,0.67,0,0,0,0,Hungary
Attila Szalai,DF,23,2,0,2,0,0,1,0,0,,0,0,
Ádám Lang,DF,28,2.5,0,0,0,,0,0,,,0,0,Hungary
Mihály Korhut,DF,32,4,1,2,1,50,0.5,0.25,0.5,1,0,0,Hungary
Botond Baráth,DF,28,5,0,3,0,0,0.6,0,0,,0,0,Hungary
Gergő Lovrencsics,DF,32,5.7,0,2,0,0,0.35,0,0,,0,0,Hungary
Willi Orban,DF,28,7,3,7,5,71.4,1,0.71,0.43,0.6,0,0,Hungary
Loïc Nego,"DF,MF",30,0.3,1,1,1,100,3.21,3.21,1,1,0,0,Hungary
Norbert Könyves,"DF,FW",31,0.1,0,0,0,,0,0,,,0,0,Hungary
Barnabás Bese,"DF,FW",26,0.8,0,0,0,,0,0,,,0,0,Hungary
Dániel Gazdag,MF,24,0.1,0,0,0,,0,0,,,0,0,Hungary
Szilveszter Hangya,MF,27,0.2,0,0,0,,0,0,,,0,0,Hungary
István Kovács,MF,28,1.3,0,1,0,0,0.78,0,0,,0,0,Hungary
Dávid Sigér,MF,30,1.4,0,1,0,0,0.72,0,0,,0,0,Hungary
Dávid Holman,MF,27,1.5,1,3,1,33.3,1.96,0.65,0.33,1,0,0,Hungary
Dominik Nagy,MF,25,1.6,0,0,0,,0,0,,,0,0,Hungary
Zsolt Kalmár,MF,25,1.4,1,1,1,100,0.7,0.7,1,1,0,0,Hungary
Attila Fiola,MF,30,1.6,0,0,0,,0,0,,,0,0,Hungary
Máté Vida,MF,24,2,0,3,1,33.3,1.5,0.5,0,0,0,0,Hungary
Máté Pátkai,MF,32,2.5,1,2,1,50,0.8,0.4,0.5,1,0,0,Hungary
Filip Holender,MF,26,2.4,0,3,2,66.7,1.27,0.85,0,0,0,0,Hungary
László Kleinheisler,MF,26,2.6,0,7,3,42.9,2.73,1.17,0,0,0,0,Hungary
Balázs Dzsudzsák,MF,34,4.9,0,15,4,26.7,3.04,0.81,0,0,0,0,Hungary
Ádám Nagy,MF,25,5.2,0,0,0,,0,0,,,0,0,Hungary
Dominik Szoboszlai,MF,20,5.4,2,12,5,41.7,2.23,0.93,0.17,0.4,0,0,Hungary
Roland Sallai,"MF,FW",23,5.7,0,22,6,27.3,3.83,1.04,0,0,0,0,Hungary
Roland Varga,"FW,MF",31,0.7,0,1,0,0,1.36,0,0,,0,0,Hungary
Krisztián Németh,FW,32,0.1,0,0,0,,0,0,,,0,0,Hungary
Nemanja Nikolić,FW,33,0.6,1,1,1,100,1.76,1.76,1,1,0,0,Hungary
Ádám Szalai,FW,33,7.6,0,10,4,40,1.32,0.53,0,0,0,0,Hungary
Steve Mandanda,GK,35,4,0,0,0,,0,0,,,0,0,France
Hugo Lloris,GK,34,4,0,0,0,,0,0,,,0,0,France
Kurt Zouma,DF,26,1,1,4,2,50,4,2,0.25,0.5,0,0,France
Samuel Umtiti,DF,27,1,0,0,0,,0,0,,,0,0,France
Presnel Kimpembe,DF,25,1,0,1,0,0,1,0,0,,0,0,France
Ferland Mendy,DF,25,1.5,0,0,0,,0,0,,,0,0,France
Lucas Hernández,DF,24,1.9,0,1,0,0,0.53,0,0,,0,0,France
Lucas Digne,DF,27,3.8,0,6,0,0,1.58,0,0,,0,0,France
Benjamin Pavard,DF,24,5,0,4,1,25,0.79,0.2,0,0,0,0,France
Raphaël Varane,DF,27,7,1,8,3,37.5,1.14,0.43,0.13,0.33,0,0,France
Clément Lenglet,DF,25,7,1,6,2,33.3,0.86,0.29,0.17,0.5,0,0,France
Leo Dubois,"DF,MF",26,3,0,1,1,100,0.34,0.34,0,0,0,0,France
Tanguy Ndombele,MF,24,0.7,0,0,0,,0,0,,,0,0,France
Benjamin Mendy,MF,26,0.8,0,0,0,,0,0,,,0,0,France
Florian Thauvin,MF,28,0.9,1,3,1,33.3,3.38,1.13,0.33,1,0,0,France
Jonathan Ikone,MF,22,0.9,1,4,3,75,4.34,3.25,0.25,0.33,0,0,France
N'Golo Kanté,MF,29,1,0,0,0,,0,0,,,0,0,France
Thomas Lemar,MF,25,1.5,0,4,1,25,2.59,0.65,0,0,0,0,France
Paul Pogba,MF,27,2,0,2,0,0,1,0,0,,0,0,France
Blaise Matuidi,MF,33,3.3,0,4,0,0,1.2,0,0,,0,0,France
Moussa Sissoko,MF,31,5.3,0,4,3,75,0.75,0.57,0,0,0,0,France
Corentin Tolisso,MF,26,6,1,10,2,20,1.67,0.33,0.1,0.5,0,0,France
Kylian Mbappé,"MF,FW",22,3,1,8,4,50,2.67,1.33,0.13,0.25,0,0,France
Kingsley Coman,"MF,FW",24,5.2,3,9,4,44.4,1.74,0.77,0.33,0.75,0,0,France
Antoine Griezmann,"MF,FW",29,8,1,29,11,37.9,3.62,1.37,0.03,0.09,0,2,France
Nabil Fekir,"FW,MF",27,0.2,0,1,1,100,4.74,4.74,0,0,0,0,France
Wissam Ben Yedder,FW,30,3.1,2,8,3,37.5,2.59,0.97,0.25,0.67,0,0,France
Olivier Giroud,FW,34,5.8,4,23,10,43.5,3.94,1.71,0.09,0.2,2,2,France